AIpush,metric,title,unit,ai_n,assisted_n,ai_mean,ai_std,assisted_mean,assisted_std,delta_assisted_minus_ai,relative_change_pct,delta_unit,comparison_status
80,lap_lap_time_s,Circuit time,s,5,7,128.151,0.011247221879205157,128.36771428571427,0.12061469546413436,0.21671428571426077,0.16910854048291526,s,available
80,driving_speed_mean,Mean speed,km/h,5,7,133.2894434354204,0.014425367273051954,133.04770034197688,0.1661260652684256,-0.2417430934435174,-0.18136702143305408,km/h,available
80,driving_speed_median,driving_speed_median,km/h,5,7,138.2371627807617,0.018281125909833926,138.38260105678015,0.1570210134232796,0.14543827601843873,0.10520924554064935,km/h,available
80,driving_speed_p95,driving_speed_p95,km/h,5,7,175.90284927368162,0.02137631696269523,174.76493508475164,0.43713082204154063,-1.137914188929983,-0.6468992364981756,km/h,available
80,driving_speed_max,driving_speed_max,km/h,5,7,182.05223388671874,0.02017728188334931,180.04764229910714,1.3539289814670696,-2.0045915876116,-1.1011079319460308,km/h,available
80,driving_speed_min,driving_speed_min,km/h,5,7,77.73743438720703,0.041074620617117294,77.82543836321149,0.10406414345173118,0.0880039760044582,0.11320668954176431,km/h,available
80,driving_pct_a_lt_m3,driving_pct_a_lt_m3,%,5,7,10.627650845953356,0.04866448590774433,10.715841668296775,0.075819414056288,0.08819082234341913,0.829824235117765,percentage points,available
80,driving_pct_a_lt_m5,driving_pct_a_lt_m5,%,5,7,8.294977827771376,0.04674065181563198,8.267676894914226,0.09377239980096334,-0.027300932857150073,-0.3291260498098891,percentage points,available
80,driving_pct_a_gt_p2,driving_pct_a_gt_p2,%,5,7,9.225796996394049,0.1016857502059698,14.378498556257636,0.1791907033383307,5.152701559863587,55.85101820338717,percentage points,available
80,driving_a_min,driving_a_min,m/s^2,5,7,-19.653559843991566,1.2519747273907467,-58.11308902014581,31.728966965784124,-38.45952917615424,195.6873435725792,m/s^2,available
80,driving_a_max,driving_a_max,m/s^2,5,7,4.406875713916366,0.3374670921360898,12.640418764350636,2.5617106034847366,8.233543050434271,186.83401994827685,m/s^2,available
80,driving_wheelSlip_mean,driving_wheelSlip_mean,logged scale,5,7,0.20680245677637843,0.0005187610151863967,0.2268657834015424,0.002019342786310971,0.02006332662516397,9.701686787434557,logged scale,available
80,driving_wheelSlip_p95,P95 of per-sample maximum wheelSlip,logged scale,5,7,0.6696602886915204,0.009875135567888493,0.8062766709497996,0.009160028237155482,0.1366163822582792,20.400848693778777,logged scale,available
80,driving_wheelSlip_max,driving_wheelSlip_max,logged scale,5,7,1.6546124696731568,0.08686892248736945,1.503045678138733,0.300912886296281,-0.15156679153442387,-9.16025923365388,logged scale,available
80,driving_absSlipAngle_mean,driving_absSlipAngle_mean,logged scale,5,7,1.2629619047124323,0.004662236639305086,1.473746465587602,0.019589539035325593,0.21078456087516972,16.68970062269328,logged scale,available
80,driving_absSlipAngle_p95,P95 of per-sample maximum absolute slip angle,logged scale,5,7,4.327785778045653,0.016578879408628903,6.045442250796727,0.15189275143864175,1.7176564727510737,39.68903639973453,logged scale,available
80,driving_absSlipAngle_max,driving_absSlipAngle_max,logged scale,5,7,8.569452285766602,0.18145226747882948,11.549855504717145,0.8964025044591829,2.980403218950544,34.779389855531754,logged scale,available
80,tracking_cte_xz_mean_m,Mean nearest-reference-point distance,m,5,7,0.5923895295317468,0.03577188885943422,0.5666745980171256,0.019737760940711984,-0.02571493151462123,-4.340882178479345,m,available
80,tracking_cte_xz_median_m,tracking_cte_xz_median_m,m,5,7,0.5771171864673493,0.0244912085708453,0.5569354697484992,0.01276897409366489,-0.020181716718850162,-3.4969876468913563,m,available
80,tracking_cte_xz_p95_m,P95 nearest-reference-point distance,m,5,7,1.1416120786932096,0.1417522102068084,1.0865316965433922,0.10630721272348853,-0.055080382149817364,-4.824789714284317,m,available
80,tracking_cte_xz_max_m,tracking_cte_xz_max_m,m,5,7,2.960667946201407,0.0239225507673737,2.935203102939017,0.01859563625886443,-0.02546484326239007,-0.8601046697945964,m,available
80,tracking_pct_cte_xz_le_0.2m,tracking_pct_cte_xz_le_0.2m,%,5,7,8.962906302185186,0.7031058124905071,10.235487632694843,0.40040124781014186,1.2725813305096576,14.198311212953305,percentage points,available
80,tracking_pct_cte_xz_le_0.3m,tracking_pct_cte_xz_le_0.3m,%,5,7,18.625789626957,0.8117494841461272,20.40300497359727,0.7025227710888335,1.7772153466402685,9.541691290596962,percentage points,available
80,tracking_pct_cte_xz_le_0.4m,tracking_pct_cte_xz_le_0.4m,%,5,7,29.005052420470868,1.219098187668915,31.241265101182258,1.1308418134535225,2.2362126807113896,7.7097350085571295,percentage points,available
80,tracking_pct_cte_xz_le_0.5m,tracking_pct_cte_xz_le_0.5m,%,5,7,40.49678272696576,2.029354678731484,42.95015500262544,1.570216400676307,2.4533722756596816,6.058190578250663,percentage points,available
80,tracking_pct_cte_xz_le_0.6m,tracking_pct_cte_xz_le_0.6m,%,5,7,53.153908168495036,3.2964702871649885,55.525819905075146,1.6182126055273438,2.3719117365801097,4.462346830756596,percentage points,available
80,tracking_pct_cte_xz_le_0.7m,tracking_pct_cte_xz_le_0.7m,%,5,7,66.29187316098343,4.370337165693763,69.06184515966923,1.876811999780447,2.7699719986858042,4.178448830310156,percentage points,available
80,tracking_pct_cte_xz_le_0.8m,tracking_pct_cte_xz_le_0.8m,%,5,7,79.06372572256056,4.8835807304961305,81.90053845652206,2.2174614211758823,2.8368127339614944,3.5880079113853593,percentage points,available
80,tracking_pct_cte_xz_le_0.9m,tracking_pct_cte_xz_le_0.9m,%,5,7,85.73106082450701,4.742510007400893,88.2652867775324,2.5680025584765365,2.534225953025384,2.9560184239560376,percentage points,available
80,tracking_pct_cte_xz_le_1.0m,tracking_pct_cte_xz_le_1.0m,%,5,7,90.32654055167295,4.241721847156139,92.75415810049846,2.852708518700695,2.427617548825509,2.6876015997056215,percentage points,available
80,tracking_pct_cte_xz_le_1.1m,tracking_pct_cte_xz_le_1.1m,%,5,7,93.6461132845802,3.642216930829886,95.48648437006815,2.8543202395601694,1.8403710854879591,1.9652402229393917,percentage points,available
80,tracking_pct_cte_xz_le_1.2m,tracking_pct_cte_xz_le_1.2m,%,5,7,95.83866916137387,2.8682272757778766,97.11993546889657,2.3278843225659323,1.2812663075226993,1.3368991021414263,percentage points,available
80,tracking_pct_cte_xz_le_1.3m,tracking_pct_cte_xz_le_1.3m,%,5,7,97.41646781012359,2.2178885187640076,98.29704286727146,1.4966346725850466,0.8805750571478654,0.9039283366999223,percentage points,available
80,tracking_pct_cte_xz_le_1.4m,tracking_pct_cte_xz_le_1.4m,%,5,7,98.673107995103,1.5590723358590723,99.12945782437211,0.8798590948214358,0.45634982926911505,0.46248652600642015,percentage points,available
80,tracking_cte_xyz_mean_m,tracking_cte_xyz_mean_m,m,5,7,0.6359469146612339,0.034373728393791124,0.6119519941901819,0.0190472953000937,-0.023994920471052006,-3.7731011689606193,m,available
80,tracking_cte_xyz_p95_m,tracking_cte_xyz_p95_m,m,5,7,1.1599725284508715,0.1396862449614503,1.1057090289290799,0.10485695317554282,-0.05426349952179166,-4.677998675904839,m,available
80,tracking_cte_xyz_max_m,tracking_cte_xyz_max_m,m,5,7,2.9676007235038897,0.025205375858402188,2.9410320247035484,0.01835288478019755,-0.026568698800341295,-0.895292233551259,m,available
85,lap_lap_time_s,Circuit time,s,5,7,122.4182,0.016843396332092572,122.80514285714285,0.15779356616734938,0.3869428571428557,0.3160827860096421,s,available
85,driving_speed_mean,Mean speed,km/h,5,7,139.54069024244845,0.012760528893706111,139.1195483754133,0.22107759292245377,-0.42114186703514633,-0.3018057788759844,km/h,available
85,driving_speed_median,driving_speed_median,km/h,5,7,144.1577926635742,0.012634425231516864,144.05123792375838,0.14829747750883124,-0.10655473981583441,-0.07391535195360872,km/h,available
85,driving_speed_p95,driving_speed_p95,km/h,5,7,183.17020599365236,0.038339345085116876,181.8759064810617,1.354492887162891,-1.294299512590669,-0.7066102838992944,km/h,available
85,driving_speed_max,driving_speed_max,km/h,5,7,192.10224304199218,0.009039094653273023,190.11080060686385,1.7176483400851617,-1.9914424351283344,-1.03665756505145,km/h,available
85,driving_speed_min,driving_speed_min,km/h,5,7,81.43635864257813,0.05059009506380246,81.41399165562221,0.09365873923165408,-0.02236698695591599,-0.02746560299200516,km/h,available
85,driving_pct_a_lt_m3,driving_pct_a_lt_m3,%,5,7,11.484325566476098,0.12849199195246044,11.612614512299336,0.06620303057968467,0.1282889458232379,1.1170786223417966,percentage points,available
85,driving_pct_a_lt_m5,driving_pct_a_lt_m5,%,5,7,8.892981448904722,0.11458573547885297,9.094868022812465,0.10671999609528353,0.20188657390774267,2.2701787366553816,percentage points,available
85,driving_pct_a_gt_p2,driving_pct_a_gt_p2,%,5,7,12.89688523987679,0.0431758862206097,18.369562187025597,0.2746977881831014,5.472676947148807,42.434098197814855,percentage points,available
85,driving_a_min,driving_a_min,m/s^2,5,7,-19.72194262050187,2.0200140515877045,-38.938096692809836,13.67015303879057,-19.216154072307965,97.43540198890896,m/s^2,available
85,driving_a_max,driving_a_max,m/s^2,5,7,4.905380818198116,0.3015323120707697,14.024057932020755,3.259831581104042,9.118677113822638,185.89131918145722,m/s^2,available
85,driving_wheelSlip_mean,driving_wheelSlip_mean,logged scale,5,7,0.23290135771031023,0.0003692826975565709,0.25313669771401853,0.002534541304652216,0.020235340003708302,8.688373568383243,logged scale,available
85,driving_wheelSlip_p95,P95 of per-sample maximum wheelSlip,logged scale,5,7,0.7577722215652466,0.005124726999798577,0.9013214605195179,0.009116910390385499,0.1435492389542713,18.943586854867476,logged scale,available
85,driving_wheelSlip_max,driving_wheelSlip_max,logged scale,5,7,1.291748046875,0.042751200806559475,1.3945155143737793,0.13762131915333362,0.1027674674987793,7.955689791627292,logged scale,available
85,driving_absSlipAngle_mean,driving_absSlipAngle_mean,logged scale,5,7,1.4490504527938761,0.004391456041846042,1.6542358732775921,0.027200281553103264,0.20518542048371602,14.15999146807507,logged scale,available
85,driving_absSlipAngle_p95,P95 of per-sample maximum absolute slip angle,logged scale,5,7,5.103918409347534,0.030987074943949037,7.105196394239152,0.17389902638011095,2.001277984891618,39.21061867341751,logged scale,available
85,driving_absSlipAngle_max,driving_absSlipAngle_max,logged scale,5,7,10.206294822692872,0.0761676010210969,11.8853212084089,0.6466460209726848,1.6790263857160284,16.45089050321032,logged scale,available
85,tracking_cte_xz_mean_m,Mean nearest-reference-point distance,m,5,7,0.5937119674218392,0.01859688581178207,0.5689366428298152,0.034826735098277904,-0.02477532459202403,-4.172953545068239,m,available
85,tracking_cte_xz_median_m,tracking_cte_xz_median_m,m,5,7,0.5706602364247344,0.017051827265946187,0.5563370632676524,0.024334083953340642,-0.014323173157081981,-2.509930120034059,m,available
85,tracking_cte_xz_p95_m,P95 nearest-reference-point distance,m,5,7,1.2208593158488854,0.10277634587199118,1.1237530944579555,0.15674074319367898,-0.09710622139092995,-7.953923939500782,m,available
85,tracking_cte_xz_max_m,tracking_cte_xz_max_m,m,5,7,2.9402104078954796,0.014446748150780524,2.923053859106659,0.035905927114627575,-0.017156548788820558,-0.5835143207013112,m,available
85,tracking_pct_cte_xz_le_0.2m,tracking_pct_cte_xz_le_0.2m,%,5,7,10.287112901706687,1.089443380906771,10.741416323465959,0.6052359574296876,0.4543034217592723,4.416238317787889,percentage points,available
85,tracking_pct_cte_xz_le_0.3m,tracking_pct_cte_xz_le_0.3m,%,5,7,19.797927573791533,1.544538563336502,20.251821847132213,1.2116421607497725,0.4538942733406799,2.2926352854303014,percentage points,available
85,tracking_pct_cte_xz_le_0.4m,tracking_pct_cte_xz_le_0.4m,%,5,7,30.1870627255641,1.8232829988977086,31.128285358357243,2.0532138950848227,0.9412226327931421,3.117966929574973,percentage points,available
85,tracking_pct_cte_xz_le_0.5m,tracking_pct_cte_xz_le_0.5m,%,5,7,41.53877821208142,2.0194718229255146,42.981179902090204,2.8512846688524087,1.4424016900087864,3.472422040543476,percentage points,available
85,tracking_pct_cte_xz_le_0.6m,tracking_pct_cte_xz_le_0.6m,%,5,7,53.6094582364934,2.1616277381354636,55.967524336043645,3.921249196374894,2.3580660995502427,4.398600875889926,percentage points,available
85,tracking_pct_cte_xz_le_0.7m,tracking_pct_cte_xz_le_0.7m,%,5,7,66.83386390611984,2.732775643085063,69.58320957626292,4.6505071867746794,2.7493456701430716,4.113701512163087,percentage points,available
85,tracking_pct_cte_xz_le_0.8m,tracking_pct_cte_xz_le_0.8m,%,5,7,79.2113826003366,3.140757863385432,82.0441300134669,5.034569632244021,2.832747413130292,3.576187310633124,percentage points,available
85,tracking_pct_cte_xz_le_0.9m,tracking_pct_cte_xz_le_0.9m,%,5,7,85.1100420970741,3.2970717696889005,87.80700304205484,4.708939523787432,2.696960944980745,3.1687928692417606,percentage points,available
85,tracking_pct_cte_xz_le_1.0m,tracking_pct_cte_xz_le_1.0m,%,5,7,89.2217272834484,3.2609029944124854,91.44370117690686,3.940968972409544,2.221973893458454,2.4903955136392595,percentage points,available
85,tracking_pct_cte_xz_le_1.1m,tracking_pct_cte_xz_le_1.1m,%,5,7,92.12869700315758,2.676166098460463,94.24263831975527,3.0673646261557965,2.113941316597689,2.2945524959777046,percentage points,available
85,tracking_pct_cte_xz_le_1.2m,tracking_pct_cte_xz_le_1.2m,%,5,7,94.33081676454265,2.0600186247043113,96.28219262560944,2.386261045302633,1.9513758610667935,2.0686515054116255,percentage points,available
85,tracking_pct_cte_xz_le_1.3m,tracking_pct_cte_xz_le_1.3m,%,5,7,96.0472349112159,1.4888942314810716,97.89289140379648,1.9426001952892773,1.8456564925805878,1.9216133543945069,percentage points,available
85,tracking_pct_cte_xz_le_1.4m,tracking_pct_cte_xz_le_1.4m,%,5,7,97.66906722994,1.055016622090924,98.98879243905996,1.2729659432164993,1.3197252091199658,1.3512212684625804,percentage points,available
85,tracking_cte_xyz_mean_m,tracking_cte_xyz_mean_m,m,5,7,0.6386668562969405,0.017911415643330784,0.6147473180844841,0.033311804791966736,-0.023919538212456404,-3.7452292970304537,m,available
85,tracking_cte_xyz_p95_m,tracking_cte_xyz_p95_m,m,5,7,1.2377506913129679,0.10155472222940193,1.1425144023616043,0.15401850219528276,-0.0952362889513636,-7.694303030470529,m,available
85,tracking_cte_xyz_max_m,tracking_cte_xyz_max_m,m,5,7,2.947207471643308,0.014441844644144521,2.9292808710585283,0.035592677420999023,-0.017926600584779795,-0.6082571640192082,m,available
90,lap_lap_time_s,Circuit time,s,5,7,117.0326,0.019243180610283937,117.89414285714284,0.17380873450570816,0.8615428571428367,0.7361562993070621,s,available
90,driving_speed_mean,Mean speed,km/h,5,7,145.99934180362317,0.0167424519092399,144.93528323372223,0.2228371435007126,-1.0640585699009364,-0.7288105252776765,km/h,available
90,driving_speed_median,driving_speed_median,km/h,5,7,150.3419647216797,0.03380272665151398,149.50172424316406,0.4389992811761464,-0.840240478515625,-0.5588861899411244,km/h,available
90,driving_speed_p95,driving_speed_p95,km/h,5,7,192.52311569213867,0.014142078917171912,189.84112690516878,1.0219545742376308,-2.681988786969896,-1.393073645898517,km/h,available
90,driving_speed_max,driving_speed_max,km/h,5,7,202.27516174316406,0.027374142122357805,199.42971801757812,1.5965687077904136,-2.8454437255859375,-1.4067192931967092,km/h,available
90,driving_speed_min,driving_speed_min,km/h,5,7,84.74475860595703,0.014366003026631838,83.79953874860492,0.12333219972071556,-0.9452198573521144,-1.115372647112209,km/h,available
90,driving_pct_a_lt_m3,driving_pct_a_lt_m3,%,5,7,12.465070292324834,0.048462896568959496,12.79457982773909,0.16836891108604948,0.32950953541425676,2.64346311482212,percentage points,available
90,driving_pct_a_lt_m5,driving_pct_a_lt_m5,%,5,7,9.81189858035243,0.05222537808297573,10.018696225942872,0.10350272795005494,0.20679764559044145,2.1076211081567613,percentage points,available
90,driving_pct_a_gt_p2,driving_pct_a_gt_p2,%,5,7,16.16259621738958,0.1016406163531571,22.70929251894849,0.30383869556973936,6.54669630155891,40.50522709040532,percentage points,available
90,driving_a_min,driving_a_min,m/s^2,5,7,-19.68857721303655,3.9372986494338567,-43.302199650890465,9.060816040397565,-23.613622437853916,119.93564685932941,m/s^2,available
90,driving_a_max,driving_a_max,m/s^2,5,7,5.157775118952275,0.47222236524428113,12.494677650589425,2.6639068027091977,7.336902531637151,142.24936842782577,m/s^2,available
90,driving_wheelSlip_mean,driving_wheelSlip_mean,logged scale,5,7,0.2666013596248812,0.00046893149120087654,0.28447242928759753,0.0020728920703262195,0.017871069662716343,6.703292769347334,logged scale,available
90,driving_wheelSlip_p95,P95 of per-sample maximum wheelSlip,logged scale,5,7,0.9334436613321303,0.006705750758266861,0.9894876795155659,0.006004394204394262,0.05604401818343563,6.004006508915004,logged scale,available
90,driving_wheelSlip_max,driving_wheelSlip_max,logged scale,5,7,1.317437767982483,0.018493285310069184,1.8541260957717896,0.15996822688334583,0.5366883277893066,40.737281170494164,logged scale,available
90,driving_absSlipAngle_mean,driving_absSlipAngle_mean,logged scale,5,7,1.6924221421936771,0.004720259492544306,1.8788897532805542,0.02217173028781913,0.18646761108687704,11.017795527372513,logged scale,available
90,driving_absSlipAngle_p95,P95 of per-sample maximum absolute slip angle,logged scale,5,7,6.557593216896055,0.04080181291064239,8.235103246143883,0.0894679711101504,1.677510029247828,25.581184647526122,logged scale,available
90,driving_absSlipAngle_max,driving_absSlipAngle_max,logged scale,5,7,10.399389076232907,0.00265854419238535,16.27693693978446,1.7086447167727778,5.877547863551552,56.51820333354279,logged scale,available
90,tracking_cte_xz_mean_m,Mean nearest-reference-point distance,m,5,7,0.6158649199044917,0.026831286633675937,0.5936859617881531,0.03487062292670127,-0.02217895811633852,-3.6012699212967085,m,available
90,tracking_cte_xz_median_m,tracking_cte_xz_median_m,m,5,7,0.573593185337748,0.022722369831198335,0.5722046847035911,0.029082043991539765,-0.0013885006341568529,-0.24207062943735363,m,available
90,tracking_cte_xz_p95_m,P95 nearest-reference-point distance,m,5,7,1.3280132157211344,0.10185639042369249,1.2178877026205535,0.13788640253657825,-0.11012551310058094,-8.29250129418184,m,available
90,tracking_cte_xz_max_m,tracking_cte_xz_max_m,m,5,7,2.931576867086447,0.01033760234790668,2.9411129165097303,0.0248048482260576,0.009536049423283455,0.32528737453031126,m,available
90,tracking_pct_cte_xz_le_0.2m,tracking_pct_cte_xz_le_0.2m,%,5,7,10.925652629812252,0.736644517215604,10.933154325507115,0.8892098170101338,0.007501695694863031,0.0686613051781781,percentage points,available
90,tracking_pct_cte_xz_le_0.3m,tracking_pct_cte_xz_le_0.3m,%,5,7,19.653470840221004,1.2258582501581694,19.811454284159502,1.4700545064157953,0.15798344393849817,0.8038450064259572,percentage points,available
90,tracking_pct_cte_xz_le_0.4m,tracking_pct_cte_xz_le_0.4m,%,5,7,29.733188009586208,1.814640946831246,30.168118689863814,2.180061905461396,0.4349306802776063,1.4627784956573824,percentage points,available
90,tracking_pct_cte_xz_le_0.5m,tracking_pct_cte_xz_le_0.5m,%,5,7,41.21919505320858,2.2258621074209155,41.572252762489605,2.9931929252154634,0.35305770928102476,0.8565371274845943,percentage points,available
90,tracking_pct_cte_xz_le_0.6m,tracking_pct_cte_xz_le_0.6m,%,5,7,53.21476571049082,2.708784038187576,53.50438914903429,3.6386439099344283,0.2896234385434653,0.5442539014812736,percentage points,available
90,tracking_pct_cte_xz_le_0.7m,tracking_pct_cte_xz_le_0.7m,%,5,7,65.30011893204085,2.8475135493005648,66.56623376603974,4.080157009079474,1.2661148339988983,1.9389165819384948,percentage points,available
90,tracking_pct_cte_xz_le_0.8m,tracking_pct_cte_xz_le_0.8m,%,5,7,76.58779995281938,3.0528245482179077,78.83551041529064,4.282318352220015,2.247710462471261,2.9348152889310373,percentage points,available
90,tracking_pct_cte_xz_le_0.9m,tracking_pct_cte_xz_le_0.9m,%,5,7,81.94585044174524,3.0242248538638097,85.13738013317698,3.8411714456803727,3.1915296914317395,3.894681273337418,percentage points,available
90,tracking_pct_cte_xz_le_1.0m,tracking_pct_cte_xz_le_1.0m,%,5,7,85.63617216883821,2.8440152872348503,89.69066247515812,3.373795088129762,4.054490306319906,4.734553406154318,percentage points,available
90,tracking_pct_cte_xz_le_1.1m,tracking_pct_cte_xz_le_1.1m,%,5,7,89.008128373467,2.8058804263727386,92.7124857771138,3.0156483651841604,3.704357403646796,4.161819230827744,percentage points,available
90,tracking_pct_cte_xz_le_1.2m,tracking_pct_cte_xz_le_1.2m,%,5,7,91.79612087658111,2.4218067529822425,94.66676382325959,2.525275281963106,2.8706429466784726,3.127194176906474,percentage points,available
90,tracking_pct_cte_xz_le_1.3m,tracking_pct_cte_xz_le_1.3m,%,5,7,94.2642523485877,1.9777757500639497,96.10379731013643,1.959771973192286,1.8395449615487252,1.9514767430033997,percentage points,available
90,tracking_pct_cte_xz_le_1.4m,tracking_pct_cte_xz_le_1.4m,%,5,7,96.34322272757488,1.7115085557785321,97.2863406983089,1.4063973000072238,0.943117970734022,0.9789147010380082,percentage points,available
90,tracking_cte_xyz_mean_m,tracking_cte_xyz_mean_m,m,5,7,0.6611532942963427,0.02546785132592877,0.6393968716809625,0.03316912304956039,-0.021756422615380244,-3.290677487818515,m,available
90,tracking_cte_xyz_p95_m,tracking_cte_xyz_p95_m,m,5,7,1.3437654448428462,0.10045310405908273,1.2351926418523036,0.1359538314836181,-0.10857280299054262,-8.079743634369184,m,available
90,tracking_cte_xyz_max_m,tracking_cte_xyz_max_m,m,5,7,2.9386054451776973,0.011247910002318725,2.948368091538313,0.025546739251590067,0.009762646360615523,0.33222038625961836,m,available
95,lap_lap_time_s,Circuit time,s,5,7,115.25460000000001,0.05817473678496581,116.84514285714285,0.1738998069497011,1.590542857142836,1.380025488911363,s,available
95,driving_speed_mean,Mean speed,km/h,5,7,148.30959104861032,0.07573646647147225,146.31191747595508,0.21867380575528136,-1.9976735726552306,-1.3469618239325252,km/h,available
95,driving_speed_median,driving_speed_median,km/h,5,7,153.0786605834961,0.154670927809377,151.40807342529297,0.17471179206478143,-1.6705871582031193,-1.0913259574099192,km/h,available
95,driving_speed_p95,driving_speed_p95,km/h,5,7,194.35869720458984,0.02199690461359852,190.66048496791294,1.1414806893691827,-3.698212236676909,-1.9027768192868781,km/h,available
95,driving_speed_max,driving_speed_max,km/h,5,7,203.23340759277343,0.016635669006056765,199.95845467703683,1.9499167570611249,-3.2749529157366055,-1.6114244968517943,km/h,available
95,driving_speed_min,driving_speed_min,km/h,5,7,85.7780517578125,0.6394184533425923,82.31367492675781,1.9320183857895343,-3.464376831054693,-4.0387683796270935,km/h,available
95,driving_pct_a_lt_m3,driving_pct_a_lt_m3,%,5,7,14.561417538203823,0.06652150732790048,14.386925412801821,0.18488250810512474,-0.17449212540200243,-1.1983182608712306,percentage points,available
95,driving_pct_a_lt_m5,driving_pct_a_lt_m5,%,5,7,9.626572788749044,0.07320689477580286,10.411837626872247,0.15375072023746675,0.7852648381232026,8.157262769996116,percentage points,available
95,driving_pct_a_gt_p2,driving_pct_a_gt_p2,%,5,7,16.22737369051049,0.1502759479777307,23.55053444517343,0.36119616432567164,7.32316075466294,45.128440956193714,percentage points,available
95,driving_a_min,driving_a_min,m/s^2,5,7,-21.358807825841254,9.371551457472059,-38.79470121835717,3.8390248661907753,-17.435893392515915,81.63327061457454,m/s^2,available
95,driving_a_max,driving_a_max,m/s^2,5,7,4.884822545526766,0.5877234494639004,26.20929274530841,35.88433192994538,21.324470199781643,436.5454425628899,m/s^2,available
95,driving_wheelSlip_mean,driving_wheelSlip_mean,logged scale,5,7,0.2899446220063218,0.0011230414709851263,0.3003682784262164,0.0019348519156045043,0.010423656419894567,3.5950507885837917,logged scale,available
95,driving_wheelSlip_p95,P95 of per-sample maximum wheelSlip,logged scale,5,7,1.0781021106243134,0.000904576978700955,1.0721526273659296,0.0019641185100855146,-0.0059494832583837365,-0.5518478444438326,logged scale,available
95,driving_wheelSlip_max,driving_wheelSlip_max,logged scale,5,7,1.611801838874817,0.04075338788729313,2.6829183442252025,0.23798791390039242,1.0711165053503855,66.4546025147931,logged scale,available
95,driving_absSlipAngle_mean,driving_absSlipAngle_mean,logged scale,5,7,1.928715191353541,0.011135524899705276,2.046395167709201,0.015136487056091042,0.11767997635566019,6.101469873998052,logged scale,available
95,driving_absSlipAngle_p95,P95 of per-sample maximum absolute slip angle,logged scale,5,7,10.196934928894043,0.006523335520206071,10.156870950971328,0.03076441376398283,-0.04006397792271521,-0.39290216326859057,logged scale,available
95,driving_absSlipAngle_max,driving_absSlipAngle_max,logged scale,5,7,10.394387054443358,0.012112756784940663,23.8164495740618,2.1258429706984394,13.422062519618441,129.12798464514387,logged scale,available
95,tracking_cte_xz_mean_m,Mean nearest-reference-point distance,m,5,7,0.6919023672027459,0.023309037030875425,0.6614721473144242,0.02644315443827984,-0.03043021988832173,-4.3980511313101,m,available
95,tracking_cte_xz_median_m,tracking_cte_xz_median_m,m,5,7,0.6432984478097842,0.015035303870820858,0.6118741623829751,0.021302561841571775,-0.031424285426809084,-4.884868840240212,m,available
95,tracking_cte_xz_p95_m,P95 nearest-reference-point distance,m,5,7,1.3486779910123774,0.07867177049924119,1.284620046655076,0.0852710058241325,-0.0640579443573015,-4.749684119128894,m,available
95,tracking_cte_xz_max_m,tracking_cte_xz_max_m,m,5,7,2.940239045457573,0.023231977171331967,3.2263931274708297,0.20286744560225914,0.28615408201325687,9.73234072431428,m,available
95,tracking_pct_cte_xz_le_0.2m,tracking_pct_cte_xz_le_0.2m,%,5,7,6.730162744168126,0.7474468509030631,7.824082316196004,0.9612422502782519,1.093919572027878,16.253983946759533,percentage points,available
95,tracking_pct_cte_xz_le_0.3m,tracking_pct_cte_xz_le_0.3m,%,5,7,13.887679233245157,1.0949510872998713,15.784732427621572,1.5450329235988374,1.897053194376415,13.65997271765275,percentage points,available
95,tracking_pct_cte_xz_le_0.4m,tracking_pct_cte_xz_le_0.4m,%,5,7,22.890266628643104,1.1394292234453673,25.357125247865106,1.757052124118203,2.466858619222002,10.776888968760051,percentage points,available
95,tracking_pct_cte_xz_le_0.5m,tracking_pct_cte_xz_le_0.5m,%,5,7,33.0157525747756,1.3872642129172927,36.46456732187683,2.214420764353694,3.448814747101231,10.445967388719058,percentage points,available
95,tracking_pct_cte_xz_le_0.6m,tracking_pct_cte_xz_le_0.6m,%,5,7,44.62645308629915,1.8496228575983265,48.55339960063982,2.591678046791961,3.9269465143406705,8.799593610423612,percentage points,available
95,tracking_pct_cte_xz_le_0.7m,tracking_pct_cte_xz_le_0.7m,%,5,7,57.13732903349616,2.103264754350089,61.5979197354272,3.212933832162282,4.460590701931039,7.806788972085246,percentage points,available
95,tracking_pct_cte_xz_le_0.8m,tracking_pct_cte_xz_le_0.8m,%,5,7,69.52344437421387,2.3412687873546614,74.1008199652075,3.137992975055774,4.57737559099364,6.583930977808949,percentage points,available
95,tracking_pct_cte_xz_le_0.9m,tracking_pct_cte_xz_le_0.9m,%,5,7,76.90949623548093,2.4635842022829664,81.0693990616394,2.7603046331719296,4.159902826158472,5.408828596954676,percentage points,available
95,tracking_pct_cte_xz_le_1.0m,tracking_pct_cte_xz_le_1.0m,%,5,7,82.57428132691827,2.7465977648295685,86.08058122147176,2.0890414753801414,3.506299894553493,4.246237252337404,percentage points,available
95,tracking_pct_cte_xz_le_1.1m,tracking_pct_cte_xz_le_1.1m,%,5,7,87.46795519521137,3.047568091124861,90.17679698533964,1.5828283469186624,2.708841790128261,3.096953374618917,percentage points,available
95,tracking_pct_cte_xz_le_1.2m,tracking_pct_cte_xz_le_1.2m,%,5,7,91.18797184011127,2.8208786479624,93.26542745497909,1.532476893385075,2.077455614867816,2.27821232663275,percentage points,available
95,tracking_pct_cte_xz_le_1.3m,tracking_pct_cte_xz_le_1.3m,%,5,7,93.87513288332232,2.0162813932017367,95.3526493784004,1.500939713502758,1.4775164950780777,1.5739168081013395,percentage points,available
95,tracking_pct_cte_xz_le_1.4m,tracking_pct_cte_xz_le_1.4m,%,5,7,95.58684963229337,1.2193854612882393,96.57642640579603,1.2723237904150302,0.9895767735026624,1.03526455501923,percentage points,available
95,tracking_cte_xyz_mean_m,tracking_cte_xyz_mean_m,m,5,7,0.7313103597093071,0.0222320920947376,0.7029800978361571,0.02510250767144074,-0.02833026187315002,-3.8739040814916366,m,available
95,tracking_cte_xyz_p95_m,tracking_cte_xyz_p95_m,m,5,7,1.3641095544420945,0.07826118186977718,1.301410562015673,0.08428991664409938,-0.06269899242642141,-4.596331154066624,m,available
95,tracking_cte_xyz_max_m,tracking_cte_xyz_max_m,m,5,7,2.9477547536177395,0.023606081915503167,3.2329842583840622,0.20282807320966786,0.2852295047663227,9.676161302641082,m,available
100,lap_lap_time_s,Circuit time,s,5,7,117.4126,0.3150068253228809,121.35957142857141,1.072959281169428,3.946971428571416,3.361625096941398,s,available
100,driving_speed_mean,Mean speed,km/h,5,7,145.85386745597535,0.36957664228126474,141.19691046274843,1.2292020277844922,-4.656956993226913,-3.192892361686997,km/h,available
100,driving_speed_median,driving_speed_median,km/h,5,7,150.24628753662108,0.8819010311518981,146.2097244262695,1.4302947648080622,-4.0365631103515796,-2.6866308489437425,km/h,available
100,driving_speed_p95,driving_speed_p95,km/h,5,7,195.53383834838866,0.08854680890375244,191.47719410487585,1.3404671080262025,-4.056644243512807,-2.0746507498538227,km/h,available
100,driving_speed_max,driving_speed_max,km/h,5,7,203.79927978515624,0.004859590144621025,201.05962262834822,1.0704730396641757,-2.739657156808022,-1.3442918736985474,km/h,available
100,driving_speed_min,driving_speed_min,km/h,5,7,68.31350250244141,0.5335145558050675,55.52852303641183,5.3881254357782495,-12.784979466029576,-18.71515732277475,km/h,available
100,driving_pct_a_lt_m3,driving_pct_a_lt_m3,%,5,7,15.48444567068301,0.06984826950582436,16.603680105838585,0.2771453777525834,1.1192344351555743,7.228120779774776,percentage points,available
100,driving_pct_a_lt_m5,driving_pct_a_lt_m5,%,5,7,10.294450356647507,0.07390832169778085,11.328080817614616,0.125206515850762,1.0336304609671085,10.040657103170691,percentage points,available
100,driving_pct_a_gt_p2,driving_pct_a_gt_p2,%,5,7,20.092012818839844,0.30474406884839217,26.956422437575984,0.42087111051394355,6.86440961873614,34.164867804083485,percentage points,available
100,driving_a_min,driving_a_min,m/s^2,5,7,-18.75268167368405,1.2464412392018325,-44.75100067033815,22.232336672107966,-25.9983189966541,138.63787296692595,m/s^2,available
100,driving_a_max,driving_a_max,m/s^2,5,7,6.73396822326608,0.4338795399250913,17.444182192495628,8.092357784698903,10.710213969229548,159.04758701155447,m/s^2,available
100,driving_wheelSlip_mean,driving_wheelSlip_mean,logged scale,5,7,0.2986718677609995,0.00031288937835219035,0.32454384346871795,0.004629355127731528,0.02587197570771843,8.662341017139742,logged scale,available
100,driving_wheelSlip_p95,P95 of per-sample maximum wheelSlip,logged scale,5,7,1.0833248126506803,0.00016673383980156216,1.0862764307430812,0.001291820492735494,0.002951618092400965,0.2724591976416513,logged scale,available
100,driving_wheelSlip_max,driving_wheelSlip_max,logged scale,5,7,1.4722076416015626,0.07391500728042051,3.866321529660906,0.5616117634267022,2.3941138880593433,162.62066711288577,logged scale,available
100,driving_absSlipAngle_mean,driving_absSlipAngle_mean,logged scale,5,7,2.0426967467749844,0.002811887913234898,2.2602950434042532,0.04095545374959696,0.21759829662926888,10.652501257115807,logged scale,available
100,driving_absSlipAngle_p95,P95 of per-sample maximum absolute slip angle,logged scale,5,7,10.241736783981324,0.0010445128368794317,10.26297276360648,0.010559394167412918,0.021235979625156887,0.2073474457805946,logged scale,available
100,driving_absSlipAngle_max,driving_absSlipAngle_max,logged scale,5,7,10.416055488586423,0.0057049117012482236,34.1929691859654,5.7373378387554945,23.77691369737898,228.27176490594692,logged scale,available
100,tracking_cte_xz_mean_m,Mean nearest-reference-point distance,m,5,7,1.0603689180586158,0.06455675638425523,1.167297892703246,0.10402619908412712,0.10692897464463025,10.08412947829534,m,available
100,tracking_cte_xz_median_m,tracking_cte_xz_median_m,m,5,7,0.805026557319269,0.0357688569302299,0.8320727541774006,0.0681089475889557,0.027046196858131588,3.359665170326203,m,available
100,tracking_cte_xz_p95_m,P95 nearest-reference-point distance,m,5,7,3.0075722175500466,0.1329237884980101,3.796774975887037,0.4049511292054458,0.7892027583369905,26.240525621688022,m,available
100,tracking_cte_xz_max_m,tracking_cte_xz_max_m,m,5,7,5.448780073534021,0.09156075526560595,6.832054961707647,0.9592951883886868,1.3832748881736263,25.38687319924162,m,available
100,tracking_pct_cte_xz_le_0.2m,tracking_pct_cte_xz_le_0.2m,%,5,7,2.2997144046127542,0.7332103257485696,2.463511783408077,0.43202548847430133,0.16379737879532286,7.122509580614836,percentage points,available
100,tracking_pct_cte_xz_le_0.3m,tracking_pct_cte_xz_le_0.3m,%,5,7,5.734324189776624,1.1911189067527663,5.47717796514462,0.8977373820637108,-0.2571462246320033,-4.484333569602737,percentage points,available
100,tracking_pct_cte_xz_le_0.4m,tracking_pct_cte_xz_le_0.4m,%,5,7,11.201729414652013,1.8193985082877682,10.202650847533803,1.94018809373695,-0.9990785671182092,-8.91896715351293,percentage points,available
100,tracking_pct_cte_xz_le_0.5m,tracking_pct_cte_xz_le_0.5m,%,5,7,18.50432556715026,2.763307313679365,17.00949911156031,2.8074812348216382,-1.4948264555899513,-8.07825419070467,percentage points,available
100,tracking_pct_cte_xz_le_0.6m,tracking_pct_cte_xz_le_0.6m,%,5,7,26.977252076177848,3.529348397640376,25.109597667174004,3.5346749194108966,-1.867654409003844,-6.923071348149164,percentage points,available
100,tracking_pct_cte_xz_le_0.7m,tracking_pct_cte_xz_le_0.7m,%,5,7,37.66090409116996,3.401342094139036,35.20060097847797,4.727487668915528,-2.4603031126919888,-6.532777616639415,percentage points,available
100,tracking_pct_cte_xz_le_0.8m,tracking_pct_cte_xz_le_0.8m,%,5,7,49.651868038603354,3.76306224199207,47.43339761841137,6.647147669100186,-2.2184704201919843,-4.468050262413424,percentage points,available
100,tracking_pct_cte_xz_le_0.9m,tracking_pct_cte_xz_le_0.9m,%,5,7,59.69505466580422,4.0543669313537,57.69474640760783,7.444408047642266,-2.000308258196391,-3.3508776721872233,percentage points,available
100,tracking_pct_cte_xz_le_1.0m,tracking_pct_cte_xz_le_1.0m,%,5,7,67.3513183102531,4.345136800900472,65.26835287877648,7.435623913304983,-2.082965431476623,-3.0926869491721987,percentage points,available
100,tracking_pct_cte_xz_le_1.1m,tracking_pct_cte_xz_le_1.1m,%,5,7,72.92845123110993,4.510998062591762,70.85389330865091,6.8105164676855425,-2.0745579224590216,-2.844648264755763,percentage points,available
100,tracking_pct_cte_xz_le_1.2m,tracking_pct_cte_xz_le_1.2m,%,5,7,76.62682885551224,4.209147660469764,75.15679580409733,5.505960599477194,-1.4700330514149158,-1.9184312771011496,percentage points,available
100,tracking_pct_cte_xz_le_1.3m,tracking_pct_cte_xz_le_1.3m,%,5,7,79.42614221812214,3.642958566532148,78.56269947784196,4.329759320330187,-0.8634427402801776,-1.0871014456537103,percentage points,available
100,tracking_pct_cte_xz_le_1.4m,tracking_pct_cte_xz_le_1.4m,%,5,7,82.31616608110333,3.3592125267616346,81.40946629039857,3.429578559790183,-0.9066997907047636,-1.1014844761008706,percentage points,available
100,tracking_cte_xyz_mean_m,tracking_cte_xyz_mean_m,m,5,7,1.089741769942654,0.0628372220252615,1.1958130287514315,0.10236004594957081,0.10607125880877755,9.733614121661079,m,available
100,tracking_cte_xyz_p95_m,tracking_cte_xyz_p95_m,m,5,7,3.014851731247929,0.13204452570502895,3.802855253100657,0.4049756138273464,0.7880035218527279,26.137388903253022,m,available
100,tracking_cte_xyz_max_m,tracking_cte_xyz_max_m,m,5,7,5.4531363241162225,0.09191979634086114,6.835573996740915,0.9591366169827582,1.3824376726246923,25.351239918777217,m,available
