AIpush,condition,metric,title,unit,n_runs,n_valid,n_missing_or_invalid,mean,std,median,minimum,maximum
80,AI-only,lap_lap_time_s,Circuit time,s,5,5,0,128.151,0.011247221879205157,128.148,128.139,128.169
80,optimizer-assisted,lap_lap_time_s,Circuit time,s,7,7,0,128.36771428571427,0.12061469546413436,128.339,128.258,128.598
80,AI-only,driving_speed_mean,Mean speed,km/h,5,5,0,133.2894434354204,0.014425367273051954,133.2942402350823,133.26509006143615,133.30197527185666
80,optimizer-assisted,driving_speed_mean,Mean speed,km/h,7,7,0,133.04770034197688,0.1661260652684256,133.13179522514898,132.71243593998605,133.2039059826252
80,AI-only,driving_speed_median,driving_speed_median,km/h,5,5,0,138.2371627807617,0.018281125909833926,138.2400360107422,138.20575714111328,138.2514953613281
80,optimizer-assisted,driving_speed_median,driving_speed_median,km/h,7,7,0,138.38260105678015,0.1570210134232796,138.3556137084961,138.2062530517578,138.5622406005859
80,AI-only,driving_speed_p95,driving_speed_p95,km/h,5,5,0,175.90284927368162,0.02137631696269523,175.9070083618164,175.8690948486328,175.92673034667968
80,optimizer-assisted,driving_speed_p95,driving_speed_p95,km/h,7,7,0,174.76493508475164,0.43713082204154063,174.7870780944824,174.08122406005862,175.34539642333982
80,AI-only,driving_speed_max,driving_speed_max,km/h,5,5,0,182.05223388671874,0.02017728188334931,182.0462646484375,182.0250701904297,182.0766448974609
80,optimizer-assisted,driving_speed_max,driving_speed_max,km/h,7,7,0,180.04764229910714,1.3539289814670696,180.1713256835938,177.3772277832031,181.4483947753906
80,AI-only,driving_speed_min,driving_speed_min,km/h,5,5,0,77.73743438720703,0.041074620617117294,77.75487518310547,77.6924057006836,77.77496337890625
80,optimizer-assisted,driving_speed_min,driving_speed_min,km/h,7,7,0,77.82543836321149,0.10406414345173118,77.83580780029297,77.71097564697266,78.00080108642578
80,AI-only,driving_pct_a_lt_m3,driving_pct_a_lt_m3,%,5,5,0,10.627650845953356,0.04866448590774433,10.648310739622111,10.556868987149178,10.67122421745136
80,optimizer-assisted,driving_pct_a_lt_m3,driving_pct_a_lt_m3,%,7,7,0,10.715841668296775,0.075819414056288,10.67654399660135,10.646247763393326,10.85974046568174
80,AI-only,driving_pct_a_lt_m5,driving_pct_a_lt_m5,%,5,5,0,8.294977827771376,0.04674065181563198,8.311676149001428,8.219402565783312,8.337819807588774
80,optimizer-assisted,driving_pct_a_lt_m5,driving_pct_a_lt_m5,%,7,7,0,8.267676894914226,0.09377239980096334,8.258456659619451,8.143486803674792,8.395655505932718
80,AI-only,driving_pct_a_gt_p2,driving_pct_a_gt_p2,%,5,5,0,9.225796996394049,0.1016857502059698,9.26476440158236,9.05323781429976,9.31266972562974
80,optimizer-assisted,driving_pct_a_gt_p2,driving_pct_a_gt_p2,%,7,7,0,14.378498556257636,0.1791907033383307,14.374802652352384,14.169815808250313,14.644395697333298
80,AI-only,driving_a_min,driving_a_min,m/s^2,5,5,0,-19.653559843991566,1.2519747273907467,-19.84712694017632,-21.010755726172885,-18.314523657261063
80,optimizer-assisted,driving_a_min,driving_a_min,m/s^2,7,7,0,-58.11308902014581,31.728966965784124,-46.262850673847645,-125.02931301014098,-31.403008785379303
80,AI-only,driving_a_max,driving_a_max,m/s^2,5,5,0,4.406875713916366,0.3374670921360898,4.294616386417284,4.17160085028344,4.997293912327519
80,optimizer-assisted,driving_a_max,driving_a_max,m/s^2,7,7,0,12.640418764350636,2.5617106034847366,12.639887120762404,8.76011335849928,15.921555523015162
80,AI-only,driving_wheelSlip_mean,driving_wheelSlip_mean,logged scale,5,5,0,0.20680245677637843,0.0005187610151863967,0.206478445190894,0.2063760775006458,0.207532963103696
80,optimizer-assisted,driving_wheelSlip_mean,driving_wheelSlip_mean,logged scale,7,7,0,0.2268657834015424,0.002019342786310971,0.2259566503643981,0.2243254853322657,0.2300979673819068
80,AI-only,driving_wheelSlip_p95,P95 of per-sample maximum wheelSlip,logged scale,5,5,0,0.6696602886915204,0.009875135567888493,0.6719142556190484,0.6579647421836846,0.6832893133163451
80,optimizer-assisted,driving_wheelSlip_p95,P95 of per-sample maximum wheelSlip,logged scale,7,7,0,0.8062766709497996,0.009160028237155482,0.803986966609955,0.7948850393295288,0.82171531021595
80,AI-only,driving_wheelSlip_max,driving_wheelSlip_max,logged scale,5,5,0,1.6546124696731568,0.08686892248736945,1.664817929267883,1.523685693740845,1.748665571212769
80,optimizer-assisted,driving_wheelSlip_max,driving_wheelSlip_max,logged scale,7,7,0,1.503045678138733,0.300912886296281,1.442946434020996,1.167023062705994,2.094053745269775
80,AI-only,driving_absSlipAngle_mean,driving_absSlipAngle_mean,logged scale,5,5,0,1.2629619047124323,0.004662236639305086,1.261016620967605,1.2589629180250457,1.2699492442228208
80,optimizer-assisted,driving_absSlipAngle_mean,driving_absSlipAngle_mean,logged scale,7,7,0,1.473746465587602,0.019589539035325593,1.4678450971006745,1.4507299891976904,1.5007320649187497
80,AI-only,driving_absSlipAngle_p95,P95 of per-sample maximum absolute slip angle,logged scale,5,5,0,4.327785778045653,0.016578879408628903,4.320223140716553,4.3110769033432,4.35043168067932
80,optimizer-assisted,driving_absSlipAngle_p95,P95 of per-sample maximum absolute slip angle,logged scale,7,7,0,6.045442250796727,0.15189275143864175,6.090720558166503,5.879669404029842,6.257220315933229
80,AI-only,driving_absSlipAngle_max,driving_absSlipAngle_max,logged scale,5,5,0,8.569452285766602,0.18145226747882948,8.484132766723633,8.459447860717773,8.886569023132324
80,optimizer-assisted,driving_absSlipAngle_max,driving_absSlipAngle_max,logged scale,7,7,0,11.549855504717145,0.8964025044591829,11.32351398468018,10.66304397583008,13.33285236358643
80,AI-only,tracking_cte_xz_mean_m,Mean nearest-reference-point distance,m,5,5,0,0.5923895295317468,0.03577188885943422,0.5930099233775934,0.5590957153839224,0.6460158329575603
80,optimizer-assisted,tracking_cte_xz_mean_m,Mean nearest-reference-point distance,m,7,7,0,0.5666745980171256,0.019737760940711984,0.5687443455454638,0.5413746272316774,0.5905550288691208
80,AI-only,tracking_cte_xz_median_m,tracking_cte_xz_median_m,m,5,5,0,0.5771171864673493,0.0244912085708453,0.5778658379539994,0.5527546261492668,0.6134522778629735
80,optimizer-assisted,tracking_cte_xz_median_m,tracking_cte_xz_median_m,m,7,7,0,0.5569354697484992,0.01276897409366489,0.5612279243339802,0.5386966297993508,0.572498071544917
80,AI-only,tracking_cte_xz_p95_m,P95 nearest-reference-point distance,m,5,5,0,1.1416120786932096,0.1417522102068084,1.094047020040906,1.005474825435585,1.352749899022858
80,optimizer-assisted,tracking_cte_xz_p95_m,P95 nearest-reference-point distance,m,7,7,0,1.0865316965433922,0.10630721272348853,1.03369702331627,0.986174714192647,1.243570333855417
80,AI-only,tracking_cte_xz_max_m,tracking_cte_xz_max_m,m,5,5,0,2.960667946201407,0.0239225507673737,2.970348376947662,2.93233197986889,2.981917089541661
80,optimizer-assisted,tracking_cte_xz_max_m,tracking_cte_xz_max_m,m,7,7,0,2.935203102939017,0.01859563625886443,2.930208818824258,2.91892372839445,2.971528792959122
80,AI-only,tracking_pct_cte_xz_le_0.2m,tracking_pct_cte_xz_le_0.2m,%,5,5,0,8.962906302185186,0.7031058124905071,9.00238752867375,7.915808203783479,9.738967575793046
80,optimizer-assisted,tracking_pct_cte_xz_le_0.2m,tracking_pct_cte_xz_le_0.2m,%,7,7,0,10.235487632694843,0.40040124781014186,10.29864491514275,9.673592069183716,10.88323907183255
80,AI-only,tracking_pct_cte_xz_le_0.3m,tracking_pct_cte_xz_le_0.3m,%,5,5,0,18.625789626957,0.8117494841461272,19.01830438649876,17.62736467503278,19.49900503336065
80,optimizer-assisted,tracking_pct_cte_xz_le_0.3m,tracking_pct_cte_xz_le_0.3m,%,7,7,0,20.40300497359727,0.7025227710888335,20.38679121168267,19.39464248048935,21.58505324912132
80,AI-only,tracking_pct_cte_xz_le_0.4m,tracking_pct_cte_xz_le_0.4m,%,5,5,0,29.005052420470868,1.219098187668915,29.34085482889378,27.40829178078985,30.14631862343439
80,optimizer-assisted,tracking_pct_cte_xz_le_0.4m,tracking_pct_cte_xz_le_0.4m,%,7,7,0,31.241265101182258,1.1308418134535225,30.7674013001427,29.91984813330521,33.16772812557808
80,AI-only,tracking_pct_cte_xz_le_0.5m,tracking_pct_cte_xz_le_0.5m,%,5,5,0,40.49678272696576,2.029354678731484,40.72608960254669,37.57754523960016,42.57052557649538
80,optimizer-assisted,tracking_pct_cte_xz_le_0.5m,tracking_pct_cte_xz_le_0.5m,%,7,7,0,42.95015500262544,1.570216400676307,42.50568151789017,41.01455389158406,45.26571707935837
80,AI-only,tracking_pct_cte_xz_le_0.6m,tracking_pct_cte_xz_le_0.6m,%,5,5,0,53.153908168495036,3.2964702871649885,52.75502083235803,48.46782311491912,56.34920634920635
80,optimizer-assisted,tracking_pct_cte_xz_le_0.6m,tracking_pct_cte_xz_le_0.6m,%,7,7,0,55.525819905075146,1.6182126055273438,54.97172291107984,53.78348449694157,57.81598809397257
80,AI-only,tracking_pct_cte_xz_le_0.7m,tracking_pct_cte_xz_le_0.7m,%,5,5,0,66.29187316098343,4.370337165693763,65.49318852113664,60.07444343001615,70.64896755162242
80,optimizer-assisted,tracking_pct_cte_xz_le_0.7m,tracking_pct_cte_xz_le_0.7m,%,7,7,0,69.06184515966923,1.876811999780447,68.54288885365467,67.19837587006961,72.14042734134155
80,AI-only,tracking_pct_cte_xz_le_0.8m,tracking_pct_cte_xz_le_0.8m,%,5,5,0,79.06372572256056,4.8835807304961305,78.85137666229632,71.92452653510311,84.20424216884393
80,optimizer-assisted,tracking_pct_cte_xz_le_0.8m,tracking_pct_cte_xz_le_0.8m,%,7,7,0,81.90053845652206,2.2174614211758823,81.9892119457966,79.19023204186267,84.89157010736686
80,AI-only,tracking_pct_cte_xz_le_0.9m,tracking_pct_cte_xz_le_0.9m,%,5,5,0,85.73106082450701,4.742510007400893,86.34107510769807,79.24713814172344,90.88120990775856
80,optimizer-assisted,tracking_pct_cte_xz_le_0.9m,tracking_pct_cte_xz_le_0.9m,%,7,7,0,88.2652867775324,2.5680025584765365,89.45138797526641,84.54992335747133,90.86318698841288
80,AI-only,tracking_pct_cte_xz_le_1.0m,tracking_pct_cte_xz_le_1.0m,%,5,5,0,90.32654055167295,4.241721847156139,91.60189174002622,84.85614626495305,94.83541695931078
80,optimizer-assisted,tracking_pct_cte_xz_le_1.0m,tracking_pct_cte_xz_le_1.0m,%,7,7,0,92.75415810049846,2.852708518700695,94.09500039826884,88.2419789629473,95.62952243125903
80,AI-only,tracking_pct_cte_xz_le_1.1m,tracking_pct_cte_xz_le_1.1m,%,5,5,0,93.6461132845802,3.642216930829886,95.15124555160142,88.74452793969614,96.7621857002388
80,optimizer-assisted,tracking_pct_cte_xz_le_1.1m,tracking_pct_cte_xz_le_1.1m,%,7,7,0,95.48648437006815,2.8543202395601694,96.21113559727054,91.08568106136688,98.5949217208262
80,AI-only,tracking_pct_cte_xz_le_1.2m,tracking_pct_cte_xz_le_1.2m,%,5,5,0,95.83866916137387,2.8682272757778766,97.02425547855404,91.43666455977714,98.57193023528036
80,optimizer-assisted,tracking_pct_cte_xz_le_1.2m,tracking_pct_cte_xz_le_1.2m,%,7,7,0,97.11993546889657,2.3278843225659323,96.99174255901018,93.79195517733496,99.81844494145508
80,AI-only,tracking_pct_cte_xz_le_1.3m,tracking_pct_cte_xz_le_1.3m,%,5,5,0,97.41646781012359,2.2178885187640076,97.9538324671068,93.70976426247162,99.65819969565727
80,optimizer-assisted,tracking_pct_cte_xz_le_1.3m,tracking_pct_cte_xz_le_1.3m,%,7,7,0,98.29704286727146,1.4966346725850466,98.18984197452566,96.38987261483165,99.93158794895407
80,AI-only,tracking_pct_cte_xz_le_1.4m,tracking_pct_cte_xz_le_1.4m,%,5,5,0,98.673107995103,1.5590723358590723,99.2625023412624,95.96179506987848,99.88996839517736
80,optimizer-assisted,tracking_pct_cte_xz_le_1.4m,tracking_pct_cte_xz_le_1.4m,%,7,7,0,99.12945782437211,0.8798590948214358,99.45298874266688,97.77500464647,99.93421918168664
80,AI-only,tracking_cte_xyz_mean_m,tracking_cte_xyz_mean_m,m,5,5,0,0.6359469146612339,0.034373728393791124,0.6356753567008604,0.6043286621929238,0.6877067573136918
80,optimizer-assisted,tracking_cte_xyz_mean_m,tracking_cte_xyz_mean_m,m,7,7,0,0.6119519941901819,0.0190472953000937,0.6138072008383864,0.5878097759177858,0.6348146765569394
80,AI-only,tracking_cte_xyz_p95_m,tracking_cte_xyz_p95_m,m,5,5,0,1.1599725284508715,0.1396862449614503,1.112655945561443,1.0259521904953,1.368155044742887
80,optimizer-assisted,tracking_cte_xyz_p95_m,tracking_cte_xyz_p95_m,m,7,7,0,1.1057090289290799,0.10485695317554282,1.053123527578754,1.006672472718334,1.261002954448737
80,AI-only,tracking_cte_xyz_max_m,tracking_cte_xyz_max_m,m,5,5,0,2.9676007235038897,0.025205375858402188,2.978255536062295,2.937830972343072,2.989798785915683
80,optimizer-assisted,tracking_cte_xyz_max_m,tracking_cte_xyz_max_m,m,7,7,0,2.9410320247035484,0.01835288478019755,2.935700760047718,2.924424492803082,2.976935820091605
85,AI-only,lap_lap_time_s,Circuit time,s,5,5,0,122.4182,0.016843396332092572,122.41,122.403,122.443
85,optimizer-assisted,lap_lap_time_s,Circuit time,s,7,7,0,122.80514285714285,0.15779356616734938,122.831,122.609,123.018
85,AI-only,driving_speed_mean,Mean speed,km/h,5,5,0,139.54069024244845,0.012760528893706111,139.5386730237378,139.52745124886806,139.55451626671655
85,optimizer-assisted,driving_speed_mean,Mean speed,km/h,7,7,0,139.1195483754133,0.22107759292245377,139.07061991910217,138.7960951179015,139.45639837532408
85,AI-only,driving_speed_median,driving_speed_median,km/h,5,5,0,144.1577926635742,0.012634425231516864,144.1566925048828,144.14656829833984,144.1784820556641
85,optimizer-assisted,driving_speed_median,driving_speed_median,km/h,7,7,0,144.05123792375838,0.14829747750883124,144.0944976806641,143.8121109008789,144.22852325439456
85,AI-only,driving_speed_p95,driving_speed_p95,km/h,5,5,0,183.17020599365236,0.038339345085116876,183.1767852783203,183.11914978027343,183.2117950439453
85,optimizer-assisted,driving_speed_p95,driving_speed_p95,km/h,7,7,0,181.8759064810617,1.354492887162891,182.0089164733887,179.74415588378906,183.33675918579095
85,AI-only,driving_speed_max,driving_speed_max,km/h,5,5,0,192.10224304199218,0.009039094653273023,192.0990753173828,192.0939178466797,192.1170654296875
85,optimizer-assisted,driving_speed_max,driving_speed_max,km/h,7,7,0,190.11080060686385,1.7176483400851617,190.0870513916016,188.0790405273438,192.4373779296875
85,AI-only,driving_speed_min,driving_speed_min,km/h,5,5,0,81.43635864257813,0.05059009506380246,81.46533203125,81.37760925292969,81.4857177734375
85,optimizer-assisted,driving_speed_min,driving_speed_min,km/h,7,7,0,81.41399165562221,0.09365873923165408,81.3997802734375,81.2661361694336,81.53740692138672
85,AI-only,driving_pct_a_lt_m3,driving_pct_a_lt_m3,%,5,5,0,11.484325566476098,0.12849199195246044,11.50858794991792,11.333284324536256,11.617077594235576
85,optimizer-assisted,driving_pct_a_lt_m3,driving_pct_a_lt_m3,%,7,7,0,11.612614512299336,0.06620303057968467,11.601798471850604,11.499129677980854,11.684879848055273
85,AI-only,driving_pct_a_lt_m5,driving_pct_a_lt_m5,%,5,5,0,8.892981448904722,0.11458573547885297,8.847605509533846,8.762254901960784,9.034771741527605
85,optimizer-assisted,driving_pct_a_lt_m5,driving_pct_a_lt_m5,%,7,7,0,9.094868022812465,0.10671999609528353,9.06810035842294,8.984192439862543,9.30936717223155
85,AI-only,driving_pct_a_gt_p2,driving_pct_a_gt_p2,%,5,5,0,12.89688523987679,0.0431758862206097,12.903779226508505,12.848039215686274,12.952796431547473
85,optimizer-assisted,driving_pct_a_gt_p2,driving_pct_a_gt_p2,%,7,7,0,18.369562187025597,0.2746977881831014,18.380756013745707,17.967412317039493,18.651765806931103
85,AI-only,driving_a_min,driving_a_min,m/s^2,5,5,0,-19.72194262050187,2.0200140515877045,-18.71717759325658,-22.027913317924536,-17.607279987055353
85,optimizer-assisted,driving_a_min,driving_a_min,m/s^2,7,7,0,-38.938096692809836,13.67015303879057,-33.69871171229104,-68.85874550534669,-30.280367163646837
85,AI-only,driving_a_max,driving_a_max,m/s^2,5,5,0,4.905380818198116,0.3015323120707697,4.813576771405317,4.572842068885374,5.301642075348282
85,optimizer-assisted,driving_a_max,driving_a_max,m/s^2,7,7,0,14.024057932020755,3.259831581104042,13.574910255314338,9.403376716941285,19.02572008076597
85,AI-only,driving_wheelSlip_mean,driving_wheelSlip_mean,logged scale,5,5,0,0.23290135771031023,0.0003692826975565709,0.2329996373836119,0.2324258591233839,0.2333949968592456
85,optimizer-assisted,driving_wheelSlip_mean,driving_wheelSlip_mean,logged scale,7,7,0,0.25313669771401853,0.002534541304652216,0.2537583799011005,0.2489394460292555,0.2561024148388339
85,AI-only,driving_wheelSlip_p95,P95 of per-sample maximum wheelSlip,logged scale,5,5,0,0.7577722215652466,0.005124726999798577,0.7559281975030898,0.7515676617622377,0.7649425119161606
85,optimizer-assisted,driving_wheelSlip_p95,P95 of per-sample maximum wheelSlip,logged scale,7,7,0,0.9013214605195179,0.009116910390385499,0.9003117978572845,0.8848377168178558,0.914424073696135
85,AI-only,driving_wheelSlip_max,driving_wheelSlip_max,logged scale,5,5,0,1.291748046875,0.042751200806559475,1.304715514183044,1.237508773803711,1.343485355377197
85,optimizer-assisted,driving_wheelSlip_max,driving_wheelSlip_max,logged scale,7,7,0,1.3945155143737793,0.13762131915333362,1.408639311790466,1.227648615837097,1.638380408287048
85,AI-only,driving_absSlipAngle_mean,driving_absSlipAngle_mean,logged scale,5,5,0,1.4490504527938761,0.004391456041846042,1.451138399208615,1.44394015720042,1.4537213443164143
85,optimizer-assisted,driving_absSlipAngle_mean,driving_absSlipAngle_mean,logged scale,7,7,0,1.6542358732775921,0.027200281553103264,1.66573460719247,1.6065507201911071,1.6797604581056074
85,AI-only,driving_absSlipAngle_p95,P95 of per-sample maximum absolute slip angle,logged scale,5,5,0,5.103918409347534,0.030987074943949037,5.099132633209229,5.0617792129516594,5.145769596099854
85,optimizer-assisted,driving_absSlipAngle_p95,P95 of per-sample maximum absolute slip angle,logged scale,7,7,0,7.105196394239152,0.17389902638011095,7.147328853607178,6.78016996383667,7.281095147132872
85,AI-only,driving_absSlipAngle_max,driving_absSlipAngle_max,logged scale,5,5,0,10.206294822692872,0.0761676010210969,10.21438407897949,10.08815097808838,10.30139636993408
85,optimizer-assisted,driving_absSlipAngle_max,driving_absSlipAngle_max,logged scale,7,7,0,11.8853212084089,0.6466460209726848,11.79569816589355,11.03300189971924,13.10313034057617
85,AI-only,tracking_cte_xz_mean_m,Mean nearest-reference-point distance,m,5,5,0,0.5937119674218392,0.01859688581178207,0.6017783460480712,0.5642703928095604,0.6115165941408025
85,optimizer-assisted,tracking_cte_xz_mean_m,Mean nearest-reference-point distance,m,7,7,0,0.5689366428298152,0.034826735098277904,0.5861939966835661,0.5102999712308968,0.598189460458611
85,AI-only,tracking_cte_xz_median_m,tracking_cte_xz_median_m,m,5,5,0,0.5706602364247344,0.017051827265946187,0.5629928296559196,0.5577454465247517,0.599019847759915
85,optimizer-assisted,tracking_cte_xz_median_m,tracking_cte_xz_median_m,m,7,7,0,0.5563370632676524,0.024334083953340642,0.5630034719319046,0.5185180640761824,0.5807600706974456
85,AI-only,tracking_cte_xz_p95_m,P95 nearest-reference-point distance,m,5,5,0,1.2208593158488854,0.10277634587199118,1.209745981574204,1.118130887113841,1.340350850293949
85,optimizer-assisted,tracking_cte_xz_p95_m,P95 nearest-reference-point distance,m,7,7,0,1.1237530944579555,0.15674074319367898,1.13806930001078,0.8744390326562207,1.336086741625182
85,AI-only,tracking_cte_xz_max_m,tracking_cte_xz_max_m,m,5,5,0,2.9402104078954796,0.014446748150780524,2.930383393548576,2.929346041186014,2.959999489777915
85,optimizer-assisted,tracking_cte_xz_max_m,tracking_cte_xz_max_m,m,7,7,0,2.923053859106659,0.035905927114627575,2.936902867879748,2.870534459042958,2.965842095978787
85,AI-only,tracking_pct_cte_xz_le_0.2m,tracking_pct_cte_xz_le_0.2m,%,5,5,0,10.287112901706687,1.089443380906771,10.73756432246998,8.36948263608068,10.94722399176753
85,optimizer-assisted,tracking_pct_cte_xz_le_0.2m,tracking_pct_cte_xz_le_0.2m,%,7,7,0,10.741416323465959,0.6052359574296876,10.97990641343242,9.508998000444343,11.38099307987097
85,AI-only,tracking_pct_cte_xz_le_0.3m,tracking_pct_cte_xz_le_0.3m,%,5,5,0,19.797927573791533,1.544538563336502,20.26709139916687,17.1556013038257,21.20677401171482
85,optimizer-assisted,tracking_pct_cte_xz_le_0.3m,tracking_pct_cte_xz_le_0.3m,%,7,7,0,20.251821847132213,1.2116421607497725,20.33483615570706,18.34314596756276,21.84389732844421
85,AI-only,tracking_pct_cte_xz_le_0.4m,tracking_pct_cte_xz_le_0.4m,%,5,5,0,30.1870627255641,1.8232829988977086,30.77186963979417,27.03967845501557,31.58591280052937
85,optimizer-assisted,tracking_pct_cte_xz_le_0.4m,tracking_pct_cte_xz_le_0.4m,%,7,7,0,31.128285358357243,2.0532138950848227,30.53180338721245,28.76027549433459,34.02718425188167
85,AI-only,tracking_pct_cte_xz_le_0.5m,tracking_pct_cte_xz_le_0.5m,%,5,5,0,41.53877821208142,2.0194718229255146,42.4724332271502,38.13200009803201,43.10222287576894
85,optimizer-assisted,tracking_pct_cte_xz_le_0.5m,tracking_pct_cte_xz_le_0.5m,%,7,7,0,42.981179902090204,2.8512846688524087,42.16362332432283,40.07442790491002,47.3327828241123
85,AI-only,tracking_pct_cte_xz_le_0.6m,tracking_pct_cte_xz_le_0.6m,%,5,5,0,53.6094582364934,2.1616277381354636,54.39082375431975,50.10660980810234,55.75104141141877
85,optimizer-assisted,tracking_pct_cte_xz_le_0.6m,tracking_pct_cte_xz_le_0.6m,%,7,7,0,55.967524336043645,3.921249196374894,54.49699475101308,52.49666740724284,62.92595650977154
85,AI-only,tracking_pct_cte_xz_le_0.7m,tracking_pct_cte_xz_le_0.7m,%,5,5,0,66.83386390611984,2.732775643085063,66.53677425679484,63.85069725265299,71.2815486400392
85,optimizer-assisted,tracking_pct_cte_xz_le_0.7m,tracking_pct_cte_xz_le_0.7m,%,7,7,0,69.58320957626292,4.6505071867746794,67.58443566871945,65.59931126416352,77.63281034957336
85,AI-only,tracking_pct_cte_xz_le_0.8m,tracking_pct_cte_xz_le_0.8m,%,5,5,0,79.2113826003366,3.140757863385432,77.67321030316398,77.47714628826313,84.77824062729724
85,optimizer-assisted,tracking_pct_cte_xz_le_0.8m,tracking_pct_cte_xz_le_0.8m,%,7,7,0,82.0441300134669,5.034569632244021,79.45330170463949,78.18066857268529,90.7156619873383
85,AI-only,tracking_pct_cte_xz_le_0.9m,tracking_pct_cte_xz_le_0.9m,%,5,5,0,85.1100420970741,3.2970717696889005,85.11383966865182,81.93025022669902,90.44841950502328
85,optimizer-assisted,tracking_pct_cte_xz_le_0.9m,tracking_pct_cte_xz_le_0.9m,%,7,7,0,87.80700304205484,4.708939523787432,86.39469006887359,83.90697162964592,96.0803743462703
85,AI-only,tracking_pct_cte_xz_le_1.0m,tracking_pct_cte_xz_le_1.0m,%,5,5,0,89.2217272834484,3.2609029944124854,89.7821131835004,85.43489449305198,93.64126439598137
85,optimizer-assisted,tracking_pct_cte_xz_le_1.0m,tracking_pct_cte_xz_le_1.0m,%,7,7,0,91.44370117690686,3.940968972409544,90.17977962497584,87.52481710136256,98.03743462703
85,AI-only,tracking_pct_cte_xz_le_1.1m,tracking_pct_cte_xz_le_1.1m,%,5,5,0,92.12869700315758,2.676166098460463,92.9928188034607,88.9052275567973,94.74638568978192
85,optimizer-assisted,tracking_pct_cte_xz_le_1.1m,tracking_pct_cte_xz_le_1.1m,%,7,7,0,94.24263831975527,3.0673646261557965,93.68345561869036,90.32337023035709,99.00908340214698
85,AI-only,tracking_pct_cte_xz_le_1.2m,tracking_pct_cte_xz_le_1.2m,%,5,5,0,94.33081676454265,2.0600186247043113,94.7795397171638,92.00303899223096,96.51496213513713
85,optimizer-assisted,tracking_pct_cte_xz_le_1.2m,tracking_pct_cte_xz_le_1.2m,%,7,7,0,96.28219262560944,2.386261045302633,96.98791857450212,92.81187957246594,99.5100467932838
85,AI-only,tracking_pct_cte_xz_le_1.3m,tracking_pct_cte_xz_le_1.3m,%,5,5,0,96.0472349112159,1.4888942314810716,96.48783118060832,94.32547655216348,97.77712423106144
85,optimizer-assisted,tracking_pct_cte_xz_le_1.3m,tracking_pct_cte_xz_le_1.3m,%,7,7,0,97.89289140379648,1.9426001952892773,98.664185736503,94.39473469498762,99.8073217726397
85,AI-only,tracking_pct_cte_xz_le_1.4m,tracking_pct_cte_xz_le_1.4m,%,5,5,0,97.66906722994,1.055016622090924,97.94367785103306,95.95236928504924,98.83096831115358
85,optimizer-assisted,tracking_pct_cte_xz_le_1.4m,tracking_pct_cte_xz_le_1.4m,%,7,7,0,98.98879243905996,1.2729659432164993,99.54454565652078,96.3801028039925,99.92843380126617
85,AI-only,tracking_cte_xyz_mean_m,tracking_cte_xyz_mean_m,m,5,5,0,0.6386668562969405,0.017911415643330784,0.6462167540281368,0.6104229463703775,0.6566437614339002
85,optimizer-assisted,tracking_cte_xyz_mean_m,tracking_cte_xyz_mean_m,m,7,7,0,0.6147473180844841,0.033311804791966736,0.6301795677603556,0.5585818601294552,0.6434205228723661
85,AI-only,tracking_cte_xyz_p95_m,tracking_cte_xyz_p95_m,m,5,5,0,1.2377506913129679,0.10155472222940193,1.226308952547112,1.136654968779216,1.356076219053628
85,optimizer-assisted,tracking_cte_xyz_p95_m,tracking_cte_xyz_p95_m,m,7,7,0,1.1425144023616043,0.15401850219528276,1.156396843600051,0.8977999937987771,1.351564328597778
85,AI-only,tracking_cte_xyz_max_m,tracking_cte_xyz_max_m,m,5,5,0,2.947207471643308,0.014441844644144521,2.938380014046531,2.935518254000523,2.967941671317501
85,optimizer-assisted,tracking_cte_xyz_max_m,tracking_cte_xyz_max_m,m,7,7,0,2.9292808710585283,0.035592677420999023,2.94239316322661,2.876157080041337,2.971276211885267
90,AI-only,lap_lap_time_s,Circuit time,s,5,5,0,117.0326,0.019243180610283937,117.027,117.013,117.058
90,optimizer-assisted,lap_lap_time_s,Circuit time,s,7,7,0,117.89414285714284,0.17380873450570816,117.831,117.665,118.17
90,AI-only,driving_speed_mean,Mean speed,km/h,5,5,0,145.99934180362317,0.0167424519092399,145.99903794731583,145.9758791987557,146.0205422422722
90,optimizer-assisted,driving_speed_mean,Mean speed,km/h,7,7,0,144.93528323372223,0.2228371435007126,144.9807686325937,144.59721347367443,145.20029722964912
90,AI-only,driving_speed_median,driving_speed_median,km/h,5,5,0,150.3419647216797,0.03380272665151398,150.34380340576175,150.3059158325195,150.39422607421875
90,optimizer-assisted,driving_speed_median,driving_speed_median,km/h,7,7,0,149.50172424316406,0.4389992811761464,149.5657806396484,148.85498046875,150.19525146484375
90,AI-only,driving_speed_p95,driving_speed_p95,km/h,5,5,0,192.52311569213867,0.014142078917171912,192.5296936035156,192.5038818359375,192.53869781494143
90,optimizer-assisted,driving_speed_p95,driving_speed_p95,km/h,7,7,0,189.84112690516878,1.0219545742376308,189.5689163208008,188.1550964355469,190.93420715332027
90,AI-only,driving_speed_max,driving_speed_max,km/h,5,5,0,202.27516174316406,0.027374142122357805,202.2670135498047,202.2475128173828,202.3168182373047
90,optimizer-assisted,driving_speed_max,driving_speed_max,km/h,7,7,0,199.42971801757812,1.5965687077904136,199.4534759521484,197.3740539550781,201.4584045410156
90,AI-only,driving_speed_min,driving_speed_min,km/h,5,5,0,84.74475860595703,0.014366003026631838,84.74586486816406,84.72482299804688,84.76329803466797
90,optimizer-assisted,driving_speed_min,driving_speed_min,km/h,7,7,0,83.79953874860492,0.12333219972071556,83.76585388183594,83.68150329589844,84.04418182373047
90,AI-only,driving_pct_a_lt_m3,driving_pct_a_lt_m3,%,5,5,0,12.465070292324834,0.048462896568959496,12.45706669400728,12.416993564597597,12.538453650533224
90,optimizer-assisted,driving_pct_a_lt_m3,driving_pct_a_lt_m3,%,7,7,0,12.79457982773909,0.16836891108604948,12.8035575062805,12.544154389592489,13.01320803369338
90,AI-only,driving_pct_a_lt_m5,driving_pct_a_lt_m5,%,5,5,0,9.81189858035243,0.05222537808297573,9.84005741528682,9.733719470001793,9.852583002179207
90,optimizer-assisted,driving_pct_a_lt_m5,driving_pct_a_lt_m5,%,7,7,0,10.018696225942872,0.10350272795005494,10.005486413906617,9.867608626977974,10.168180385640204
90,AI-only,driving_pct_a_gt_p2,driving_pct_a_gt_p2,%,5,5,0,16.16259621738958,0.1016406163531571,16.119854411236993,16.072298423279065,16.33050565109306
90,optimizer-assisted,driving_pct_a_gt_p2,driving_pct_a_gt_p2,%,7,7,0,22.70929251894849,0.30383869556973936,22.789936239875928,22.376672542843107,23.11549150502822
90,AI-only,driving_a_min,driving_a_min,m/s^2,5,5,0,-19.68857721303655,3.9372986494338567,-17.772404243680644,-25.76219112938519,-16.446932255129212
90,optimizer-assisted,driving_a_min,driving_a_min,m/s^2,7,7,0,-43.302199650890465,9.060816040397565,-41.32198348623687,-54.37541190808991,-31.7176004303612
90,AI-only,driving_a_max,driving_a_max,m/s^2,5,5,0,5.157775118952275,0.47222236524428113,4.887417775271089,4.697178471914211,5.680952970194081
90,optimizer-assisted,driving_a_max,driving_a_max,m/s^2,7,7,0,12.494677650589425,2.6639068027091977,13.17615143421478,8.523117518122332,15.999229118401558
90,AI-only,driving_wheelSlip_mean,driving_wheelSlip_mean,logged scale,5,5,0,0.2666013596248812,0.00046893149120087654,0.2664246758895536,0.2661852806958023,0.2673903962450867
90,optimizer-assisted,driving_wheelSlip_mean,driving_wheelSlip_mean,logged scale,7,7,0,0.28447242928759753,0.0020728920703262195,0.283441534059469,0.2823708759591061,0.2873346418196853
90,AI-only,driving_wheelSlip_p95,P95 of per-sample maximum wheelSlip,logged scale,5,5,0,0.9334436613321303,0.006705750758266861,0.9363697469234468,0.9237642765045164,0.9392144381999966
90,optimizer-assisted,driving_wheelSlip_p95,P95 of per-sample maximum wheelSlip,logged scale,7,7,0,0.9894876795155659,0.006004394204394262,0.9924256563186646,0.9775720447301856,0.9945581972599028
90,AI-only,driving_wheelSlip_max,driving_wheelSlip_max,logged scale,5,5,0,1.317437767982483,0.018493285310069184,1.31336522102356,1.291754603385925,1.34032678604126
90,optimizer-assisted,driving_wheelSlip_max,driving_wheelSlip_max,logged scale,7,7,0,1.8541260957717896,0.15996822688334583,1.77697229385376,1.649621486663818,2.102142095565796
90,AI-only,driving_absSlipAngle_mean,driving_absSlipAngle_mean,logged scale,5,5,0,1.6924221421936771,0.004720259492544306,1.6910475146372486,1.6882594678518428,1.7003435655405443
90,optimizer-assisted,driving_absSlipAngle_mean,driving_absSlipAngle_mean,logged scale,7,7,0,1.8788897532805542,0.02217173028781913,1.8675297929084027,1.856306699600655,1.9147569513693512
90,AI-only,driving_absSlipAngle_p95,P95 of per-sample maximum absolute slip angle,logged scale,5,5,0,6.557593216896055,0.04080181291064239,6.53830633163452,6.528855037689206,6.626433587074278
90,optimizer-assisted,driving_absSlipAngle_p95,P95 of per-sample maximum absolute slip angle,logged scale,7,7,0,8.235103246143883,0.0894679711101504,8.228965568542469,8.131102132797235,8.363148498535157
90,AI-only,driving_absSlipAngle_max,driving_absSlipAngle_max,logged scale,5,5,0,10.399389076232907,0.00265854419238535,10.39930248260498,10.39663219451904,10.40279674530029
90,optimizer-assisted,driving_absSlipAngle_max,driving_absSlipAngle_max,logged scale,7,7,0,16.27693693978446,1.7086447167727778,15.64956855773926,14.66581439971924,18.67051124572754
90,AI-only,tracking_cte_xz_mean_m,Mean nearest-reference-point distance,m,5,5,0,0.6158649199044917,0.026831286633675937,0.6167093305925981,0.5826676314646324,0.6558631307324846
90,optimizer-assisted,tracking_cte_xz_mean_m,Mean nearest-reference-point distance,m,7,7,0,0.5936859617881531,0.03487062292670127,0.5942183233390704,0.5502753774660218,0.6459636376237008
90,AI-only,tracking_cte_xz_median_m,tracking_cte_xz_median_m,m,5,5,0,0.573593185337748,0.022722369831198335,0.5629472908730411,0.5586536998475932,0.6129445087117585
90,optimizer-assisted,tracking_cte_xz_median_m,tracking_cte_xz_median_m,m,7,7,0,0.5722046847035911,0.029082043991539765,0.56540605415429,0.5332672755862118,0.6235198720560395
90,AI-only,tracking_cte_xz_p95_m,P95 nearest-reference-point distance,m,5,5,0,1.3280132157211344,0.10185639042369249,1.34194684077895,1.176132652411698,1.447696695368677
90,optimizer-assisted,tracking_cte_xz_p95_m,P95 nearest-reference-point distance,m,7,7,0,1.2178877026205535,0.13788640253657825,1.220491030468164,1.020898028792062,1.362297665350587
90,AI-only,tracking_cte_xz_max_m,tracking_cte_xz_max_m,m,5,5,0,2.931576867086447,0.01033760234790668,2.928253690306961,2.920166710109891,2.94722406815068
90,optimizer-assisted,tracking_cte_xz_max_m,tracking_cte_xz_max_m,m,7,7,0,2.9411129165097303,0.0248048482260576,2.940592783595857,2.894407594054102,2.968542307722684
90,AI-only,tracking_pct_cte_xz_le_0.2m,tracking_pct_cte_xz_le_0.2m,%,5,5,0,10.925652629812252,0.736644517215604,10.89324618736383,9.775920418418623,11.74178331538738
90,optimizer-assisted,tracking_pct_cte_xz_le_0.2m,tracking_pct_cte_xz_le_0.2m,%,7,7,0,10.933154325507115,0.8892098170101338,11.0131776673217,9.28148871403136,12.05117148196062
90,AI-only,tracking_pct_cte_xz_le_0.3m,tracking_pct_cte_xz_le_0.3m,%,5,5,0,19.653470840221004,1.2258582501581694,20.04356740133265,17.78022766895703,21.08137209660052
90,optimizer-assisted,tracking_pct_cte_xz_le_0.3m,tracking_pct_cte_xz_le_0.3m,%,7,7,0,19.811454284159502,1.4700545064157953,19.77710291084117,17.24197346505083,22.04973408078195
90,AI-only,tracking_pct_cte_xz_le_0.4m,tracking_pct_cte_xz_le_0.4m,%,5,5,0,29.733188009586208,1.814640946831246,30.4356740133265,26.87673059173418,31.50028200789622
90,optimizer-assisted,tracking_pct_cte_xz_le_0.4m,tracking_pct_cte_xz_le_0.4m,%,7,7,0,30.168118689863814,2.180061905461396,30.29667710158247,26.45166848544024,33.6869340232859
90,AI-only,tracking_pct_cte_xz_le_0.5m,tracking_pct_cte_xz_le_0.5m,%,5,5,0,41.21919505320858,2.2258621074209155,42.06560738083034,37.48077120295355,42.97800338409476
90,optimizer-assisted,tracking_pct_cte_xz_le_0.5m,tracking_pct_cte_xz_le_0.5m,%,7,7,0,41.572252762489605,2.9931929252154634,41.80476176800023,36.39653092872322,45.96521489147622
90,AI-only,tracking_pct_cte_xz_le_0.6m,tracking_pct_cte_xz_le_0.6m,%,5,5,0,53.21476571049082,2.708784038187576,54.54801825360202,48.55399446210644,55.12238882481098
90,optimizer-assisted,tracking_pct_cte_xz_le_0.6m,tracking_pct_cte_xz_le_0.6m,%,7,7,0,53.50438914903429,3.6386439099344283,54.45015652373704,47.11389351559359,58.37573666810408
90,AI-only,tracking_pct_cte_xz_le_0.7m,tracking_pct_cte_xz_le_0.7m,%,5,5,0,65.30011893204085,2.8475135493005648,66.72819566220582,60.43482719721054,67.21773676790977
90,optimizer-assisted,tracking_pct_cte_xz_le_0.7m,tracking_pct_cte_xz_le_0.7m,%,7,7,0,66.56623376603974,4.080157009079474,68.02320572101439,59.71225087588306,71.4215897657036
90,AI-only,tracking_pct_cte_xz_le_0.8m,tracking_pct_cte_xz_le_0.8m,%,5,5,0,76.58779995281938,3.0528245482179077,77.93951819579704,71.33883704235463,78.94170127672666
90,optimizer-assisted,tracking_pct_cte_xz_le_0.8m,tracking_pct_cte_xz_le_0.8m,%,7,7,0,78.83551041529064,4.282318352220015,80.11717740314197,72.13830337143186,83.42101480523215
90,AI-only,tracking_pct_cte_xz_le_0.9m,tracking_pct_cte_xz_le_0.9m,%,5,5,0,81.94585044174524,3.0242248538638097,82.33484580481428,76.8690390729156,84.87668563810696
90,optimizer-assisted,tracking_pct_cte_xz_le_0.9m,tracking_pct_cte_xz_le_0.9m,%,7,7,0,85.13738013317698,3.8411714456803727,85.51365633705736,79.78289587042674,89.72324088929635
90,AI-only,tracking_pct_cte_xz_le_1.0m,tracking_pct_cte_xz_le_1.0m,%,5,5,0,85.63617216883821,2.8440152872348503,86.09038939731857,81.16603425289713,88.9375993436907
90,optimizer-assisted,tracking_pct_cte_xz_le_1.0m,tracking_pct_cte_xz_le_1.0m,%,7,7,0,89.69066247515812,3.373795088129762,89.81042654028435,85.43422970308347,94.17831767132708
90,AI-only,tracking_pct_cte_xz_le_1.1m,tracking_pct_cte_xz_le_1.1m,%,5,5,0,89.008128373467,2.8058804263727386,88.83334615088826,85.12460260486104,93.04465979592884
90,optimizer-assisted,tracking_pct_cte_xz_le_1.1m,tracking_pct_cte_xz_le_1.1m,%,7,7,0,92.7124857771138,3.0156483651841604,93.17708935383192,88.73488983510988,96.8800137520055
90,AI-only,tracking_pct_cte_xz_le_1.2m,tracking_pct_cte_xz_le_1.2m,%,5,5,0,91.79612087658111,2.4218067529822425,91.02255253716042,88.92421290124089,95.45967287084038
90,optimizer-assisted,tracking_pct_cte_xz_le_1.2m,tracking_pct_cte_xz_le_1.2m,%,7,7,0,94.66676382325959,2.525275281963106,94.76495726495726,91.52973451833223,98.03747421498969
90,AI-only,tracking_pct_cte_xz_le_1.3m,tracking_pct_cte_xz_le_1.3m,%,5,5,0,94.2642523485877,1.9777757500639497,93.30325094862066,92.39364428498206,97.29785161257244
90,optimizer-assisted,tracking_pct_cte_xz_le_1.3m,tracking_pct_cte_xz_le_1.3m,%,7,7,0,96.10379731013643,1.959771973192286,96.0874335874336,93.74446317834996,98.45003438001376
90,AI-only,tracking_pct_cte_xz_le_1.4m,tracking_pct_cte_xz_le_1.4m,%,5,5,0,96.34322272757488,1.7115085557785321,96.90800943492977,93.9876986160943,98.44382915448904
90,optimizer-assisted,tracking_pct_cte_xz_le_1.4m,tracking_pct_cte_xz_le_1.4m,%,7,7,0,97.2863406983089,1.4063973000072238,97.81416031416032,95.62632818333238,98.6706394682558
90,AI-only,tracking_cte_xyz_mean_m,tracking_cte_xyz_mean_m,m,5,5,0,0.6611532942963427,0.02546785132592877,0.662617767731087,0.6292227573239101,0.698716360252331
90,optimizer-assisted,tracking_cte_xyz_mean_m,tracking_cte_xyz_mean_m,m,7,7,0,0.6393968716809625,0.03316912304956039,0.6396242963437077,0.598548618443719,0.6884331822855198
90,AI-only,tracking_cte_xyz_p95_m,tracking_cte_xyz_p95_m,m,5,5,0,1.3437654448428462,0.10045310405908273,1.357290582313785,1.19416681973505,1.462146627596474
90,optimizer-assisted,tracking_cte_xyz_p95_m,tracking_cte_xyz_p95_m,m,7,7,0,1.2351926418523036,0.1359538314836181,1.237835565703798,1.04096722300449,1.377548704464085
90,AI-only,tracking_cte_xyz_max_m,tracking_cte_xyz_max_m,m,5,5,0,2.9386054451776973,0.011247910002318725,2.934631192402902,2.925731961510629,2.955213764690307
90,optimizer-assisted,tracking_cte_xyz_max_m,tracking_cte_xyz_max_m,m,7,7,0,2.948368091538313,0.025546739251590067,2.94607018100128,2.90001544920166,2.976451602700474
95,AI-only,lap_lap_time_s,Circuit time,s,5,5,0,115.25460000000001,0.05817473678496581,115.263,115.161,115.322
95,optimizer-assisted,lap_lap_time_s,Circuit time,s,7,7,0,116.84514285714285,0.1738998069497011,116.897,116.562,117.035
95,AI-only,driving_speed_mean,Mean speed,km/h,5,5,0,148.30959104861032,0.07573646647147225,148.28816254162527,148.23800866427703,148.43832064038887
95,optimizer-assisted,driving_speed_mean,Mean speed,km/h,7,7,0,146.31191747595508,0.21867380575528136,146.27797729041404,146.00878058982877,146.66692740300198
95,AI-only,driving_speed_median,driving_speed_median,km/h,5,5,0,153.0786605834961,0.154670927809377,153.12114715576172,152.80926513671875,153.2053985595703
95,optimizer-assisted,driving_speed_median,driving_speed_median,km/h,7,7,0,151.40807342529297,0.17471179206478143,151.41253662109375,151.1805725097656,151.6752319335938
95,AI-only,driving_speed_p95,driving_speed_p95,km/h,5,5,0,194.35869720458984,0.02199690461359852,194.35221786499025,194.3312225341797,194.3819473266601
95,optimizer-assisted,driving_speed_p95,driving_speed_p95,km/h,7,7,0,190.66048496791294,1.1414806893691827,190.59716186523437,189.33087921142575,192.45172119140625
95,AI-only,driving_speed_max,driving_speed_max,km/h,5,5,0,203.23340759277343,0.016635669006056765,203.2340087890625,203.2111511230469,203.2544860839844
95,optimizer-assisted,driving_speed_max,driving_speed_max,km/h,7,7,0,199.95845467703683,1.9499167570611249,200.3578796386719,197.6374359130859,202.4356536865234
95,AI-only,driving_speed_min,driving_speed_min,km/h,5,5,0,85.7780517578125,0.6394184533425923,85.69332885742188,85.03453826904297,86.72702026367188
95,optimizer-assisted,driving_speed_min,driving_speed_min,km/h,7,7,0,82.31367492675781,1.9320183857895343,81.82719421386719,79.58805084228516,85.18017578125
95,AI-only,driving_pct_a_lt_m3,driving_pct_a_lt_m3,%,5,5,0,14.561417538203823,0.06652150732790048,14.552928015817267,14.490226190166323,14.664619068689971
95,optimizer-assisted,driving_pct_a_lt_m3,driving_pct_a_lt_m3,%,7,7,0,14.386925412801821,0.18488250810512474,14.423604889749445,14.18348944092152,14.59629134453293
95,AI-only,driving_pct_a_lt_m5,driving_pct_a_lt_m5,%,5,5,0,9.626572788749044,0.07320689477580286,9.654257394833373,9.531742106770087,9.703279541905257
95,optimizer-assisted,driving_pct_a_lt_m5,driving_pct_a_lt_m5,%,7,7,0,10.411837626872247,0.15375072023746675,10.41467995954342,10.112852297976843,10.588166850893014
95,AI-only,driving_pct_a_gt_p2,driving_pct_a_gt_p2,%,5,5,0,16.22737369051049,0.1502759479777307,16.210099118083196,16.067570733230955,16.44195731389901
95,optimizer-assisted,driving_pct_a_gt_p2,driving_pct_a_gt_p2,%,7,7,0,23.55053444517343,0.36119616432567164,23.375414509279192,23.222430125131563,24.107710996702725
95,AI-only,driving_a_min,driving_a_min,m/s^2,5,5,0,-21.358807825841254,9.371551457472059,-17.188747935415986,-38.11793338890717,-16.920812185257905
95,optimizer-assisted,driving_a_min,driving_a_min,m/s^2,7,7,0,-38.79470121835717,3.8390248661907753,-38.56512802754087,-44.499974368539306,-32.07450781258756
95,AI-only,driving_a_max,driving_a_max,m/s^2,5,5,0,4.884822545526766,0.5877234494639004,5.135544396348826,4.230364082749072,5.484266105287937
95,optimizer-assisted,driving_a_max,driving_a_max,m/s^2,7,7,0,26.20929274530841,35.88433192994538,12.245112305730698,10.339509282109212,107.43642145838368
95,AI-only,driving_wheelSlip_mean,driving_wheelSlip_mean,logged scale,5,5,0,0.2899446220063218,0.0011230414709851263,0.290171040955938,0.2880854218763287,0.290854745650783
95,optimizer-assisted,driving_wheelSlip_mean,driving_wheelSlip_mean,logged scale,7,7,0,0.3003682784262164,0.0019348519156045043,0.3009688549243593,0.2979769674008289,0.3033256177930046
95,AI-only,driving_wheelSlip_p95,P95 of per-sample maximum wheelSlip,logged scale,5,5,0,1.0781021106243134,0.000904576978700955,1.0781531631946562,1.0767848253250123,1.079302072525024
95,optimizer-assisted,driving_wheelSlip_p95,P95 of per-sample maximum wheelSlip,logged scale,7,7,0,1.0721526273659296,0.0019641185100855146,1.0731213748455042,1.068140983581543,1.0736354887485502
95,AI-only,driving_wheelSlip_max,driving_wheelSlip_max,logged scale,5,5,0,1.611801838874817,0.04075338788729313,1.602105975151062,1.568731546401978,1.660147666931152
95,optimizer-assisted,driving_wheelSlip_max,driving_wheelSlip_max,logged scale,7,7,0,2.6829183442252025,0.23798791390039242,2.676821231842041,2.322164535522461,3.083599805831909
95,AI-only,driving_absSlipAngle_mean,driving_absSlipAngle_mean,logged scale,5,5,0,1.928715191353541,0.011135524899705276,1.9304968915908176,1.910866157444524,1.939654934775064
95,optimizer-assisted,driving_absSlipAngle_mean,driving_absSlipAngle_mean,logged scale,7,7,0,2.046395167709201,0.015136487056091042,2.044419010337861,2.0287709292185125,2.06847820149172
95,AI-only,driving_absSlipAngle_p95,P95 of per-sample maximum absolute slip angle,logged scale,5,5,0,10.196934928894043,0.006523335520206071,10.199414110183715,10.187831020355224,10.20473289489746
95,optimizer-assisted,driving_absSlipAngle_p95,P95 of per-sample maximum absolute slip angle,logged scale,7,7,0,10.156870950971328,0.03076441376398283,10.168039083480831,10.090082550048823,10.178397655487055
95,AI-only,driving_absSlipAngle_max,driving_absSlipAngle_max,logged scale,5,5,0,10.394387054443358,0.012112756784940663,10.39914798736572,10.38111019134521,10.40582466125488
95,optimizer-assisted,driving_absSlipAngle_max,driving_absSlipAngle_max,logged scale,7,7,0,23.8164495740618,2.1258429706984394,24.05134773254395,20.64834403991699,27.31908226013184
95,AI-only,tracking_cte_xz_mean_m,Mean nearest-reference-point distance,m,5,5,0,0.6919023672027459,0.023309037030875425,0.6795796747856262,0.6775286926727216,0.7323209751314083
95,optimizer-assisted,tracking_cte_xz_mean_m,Mean nearest-reference-point distance,m,7,7,0,0.6614721473144242,0.02644315443827984,0.658067777737947,0.629680474630613,0.7142227998265879
95,AI-only,tracking_cte_xz_median_m,tracking_cte_xz_median_m,m,5,5,0,0.6432984478097842,0.015035303870820858,0.6422379863352448,0.6224374181049891,0.6603311905153622
95,optimizer-assisted,tracking_cte_xz_median_m,tracking_cte_xz_median_m,m,7,7,0,0.6118741623829751,0.021302561841571775,0.6045685760025419,0.5826784291806709,0.6484085096086383
95,AI-only,tracking_cte_xz_p95_m,P95 nearest-reference-point distance,m,5,5,0,1.3486779910123774,0.07867177049924119,1.359840192121808,1.233345841267575,1.44379742831942
95,optimizer-assisted,tracking_cte_xz_p95_m,P95 nearest-reference-point distance,m,7,7,0,1.284620046655076,0.0852710058241325,1.257720951922693,1.216231270500625,1.461572483105397
95,AI-only,tracking_cte_xz_max_m,tracking_cte_xz_max_m,m,5,5,0,2.940239045457573,0.023231977171331967,2.927090149351706,2.91845012188623,2.968906747542877
95,optimizer-assisted,tracking_cte_xz_max_m,tracking_cte_xz_max_m,m,7,7,0,3.2263931274708297,0.20286744560225914,3.202471450054675,2.933073641863388,3.616003176658493
95,AI-only,tracking_pct_cte_xz_le_0.2m,tracking_pct_cte_xz_le_0.2m,%,5,5,0,6.730162744168126,0.7474468509030631,6.806991950399875,5.58042686100989,7.676899063475546
95,optimizer-assisted,tracking_pct_cte_xz_le_0.2m,tracking_pct_cte_xz_le_0.2m,%,7,7,0,7.824082316196004,0.9612422502782519,7.61822125813449,6.458790891226447,9.302733518491449
95,AI-only,tracking_pct_cte_xz_le_0.3m,tracking_pct_cte_xz_le_0.3m,%,5,5,0,13.887679233245157,1.0949510872998713,13.81536139090601,12.49089016137428,15.53590010405827
95,optimizer-assisted,tracking_pct_cte_xz_le_0.3m,tracking_pct_cte_xz_le_0.3m,%,7,7,0,15.784732427621572,1.5450329235988374,15.70435440239681,13.38284591376719,18.31311211811139
95,AI-only,tracking_pct_cte_xz_le_0.4m,tracking_pct_cte_xz_le_0.4m,%,5,5,0,22.890266628643104,1.1394292234453673,22.99523697977668,21.47839666840187,24.50832466181061
95,optimizer-assisted,tracking_pct_cte_xz_le_0.4m,tracking_pct_cte_xz_le_0.4m,%,7,7,0,25.357125247865106,1.757052124118203,25.28417286942473,22.56386544908103,28.40520391755591
95,AI-only,tracking_pct_cte_xz_le_0.5m,tracking_pct_cte_xz_le_0.5m,%,5,5,0,33.0157525747756,1.3872642129172927,33.15634678951615,31.3430504945341,34.81789802289282
95,optimizer-assisted,tracking_pct_cte_xz_le_0.5m,tracking_pct_cte_xz_le_0.5m,%,7,7,0,36.46456732187683,2.214420764353694,36.11736195257053,32.81123569529534,40.00292354918871
95,AI-only,tracking_pct_cte_xz_le_0.6m,tracking_pct_cte_xz_le_0.6m,%,5,5,0,44.62645308629915,1.8496228575983265,44.55375966268447,42.4934929724102,47.2060353798127
95,optimizer-assisted,tracking_pct_cte_xz_le_0.6m,tracking_pct_cte_xz_le_0.6m,%,7,7,0,48.55339960063982,2.591678046791961,49.5174247240363,44.12784649173506,52.15027042829996
95,AI-only,tracking_pct_cte_xz_le_0.7m,tracking_pct_cte_xz_le_0.7m,%,5,5,0,57.13732903349616,2.103264754350089,57.55185966008172,54.54971369078605,60.0312174817898
95,optimizer-assisted,tracking_pct_cte_xz_le_0.7m,tracking_pct_cte_xz_le_0.7m,%,7,7,0,61.5979197354272,3.212933832162282,61.74940761717621,56.45590105190151,65.5372021634264
95,AI-only,tracking_pct_cte_xz_le_0.8m,tracking_pct_cte_xz_le_0.8m,%,5,5,0,69.52344437421387,2.3412687873546614,70.32535137948986,65.9552316501822,72.18522372528616
95,optimizer-assisted,tracking_pct_cte_xz_le_0.8m,tracking_pct_cte_xz_le_0.8m,%,7,7,0,74.1008199652075,3.137992975055774,74.80205744668554,69.46595769275228,77.80149101008624
95,AI-only,tracking_pct_cte_xz_le_0.9m,tracking_pct_cte_xz_le_0.9m,%,5,5,0,76.90949623548093,2.4635842022829664,77.62784275926747,72.59239979177512,78.50134041279509
95,optimizer-assisted,tracking_pct_cte_xz_le_0.9m,tracking_pct_cte_xz_le_0.9m,%,7,7,0,81.0693990616394,2.7603046331719296,81.71993295960237,77.16737949370015,84.40142994158165
95,AI-only,tracking_pct_cte_xz_le_1.0m,tracking_pct_cte_xz_le_1.0m,%,5,5,0,82.57428132691827,2.7465977648295685,83.5059864653826,77.80583029672046,84.80778740792796
95,optimizer-assisted,tracking_pct_cte_xz_le_1.0m,tracking_pct_cte_xz_le_1.0m,%,7,7,0,86.08058122147176,2.0890414753801414,86.11801421718776,82.78522714137094,88.67962914523207
95,AI-only,tracking_pct_cte_xz_le_1.1m,tracking_pct_cte_xz_le_1.1m,%,5,5,0,87.46795519521137,3.047568091124861,88.61593768723786,82.3945861530453,90.01847947736916
95,optimizer-assisted,tracking_pct_cte_xz_le_1.1m,tracking_pct_cte_xz_le_1.1m,%,7,7,0,90.17679698533964,1.5828283469186624,89.99192198949859,87.29915616691713,91.70209689081706
95,AI-only,tracking_pct_cte_xz_le_1.2m,tracking_pct_cte_xz_le_1.2m,%,5,5,0,91.18797184011127,2.8208786479624,91.50233151848282,86.63196251952108,93.93024466423738
95,optimizer-assisted,tracking_pct_cte_xz_le_1.2m,tracking_pct_cte_xz_le_1.2m,%,7,7,0,93.26542745497909,1.532476893385075,93.95181213125235,90.31903826147266,94.6174981923355
95,AI-only,tracking_pct_cte_xz_le_1.3m,tracking_pct_cte_xz_le_1.3m,%,5,5,0,93.87513288332232,2.0162813932017367,93.8111342351717,90.90317542946384,96.40291514836022
95,optimizer-assisted,tracking_pct_cte_xz_le_1.3m,tracking_pct_cte_xz_le_1.3m,%,7,7,0,95.3526493784004,1.500939713502758,95.66948586043536,92.35926482487574,96.76014078818302
95,AI-only,tracking_pct_cte_xz_le_1.4m,tracking_pct_cte_xz_le_1.4m,%,5,5,0,95.58684963229337,1.2193854612882393,95.63735691987512,93.95106715252471,97.34773555439877
95,optimizer-assisted,tracking_pct_cte_xz_le_1.4m,tracking_pct_cte_xz_le_1.4m,%,7,7,0,96.57642640579603,1.2723237904150302,96.9657337169762,93.8648711131661,97.52755178581732
95,AI-only,tracking_cte_xyz_mean_m,tracking_cte_xyz_mean_m,m,5,5,0,0.7313103597093071,0.0222320920947376,0.7192162232049231,0.7182053931855145,0.7699152921133237
95,optimizer-assisted,tracking_cte_xyz_mean_m,tracking_cte_xyz_mean_m,m,7,7,0,0.7029800978361571,0.02510250767144074,0.7002531435153778,0.6735874620825213,0.7532354874838236
95,AI-only,tracking_cte_xyz_p95_m,tracking_cte_xyz_p95_m,m,5,5,0,1.3641095544420945,0.07826118186977718,1.375661761965877,1.249247711627115,1.458433091258225
95,optimizer-assisted,tracking_cte_xyz_p95_m,tracking_cte_xyz_p95_m,m,7,7,0,1.301410562015673,0.08428991664409938,1.275396548170775,1.233045595211467,1.476056798216717
95,AI-only,tracking_cte_xyz_max_m,tracking_cte_xyz_max_m,m,5,5,0,2.9477547536177395,0.023606081915503167,2.93512837086981,2.926500544159791,2.976852713540873
95,optimizer-assisted,tracking_cte_xyz_max_m,tracking_cte_xyz_max_m,m,7,7,0,3.2329842583840622,0.20282807320966786,3.208197884054141,2.938607446819622,3.621758882801843
100,AI-only,lap_lap_time_s,Circuit time,s,5,5,0,117.4126,0.3150068253228809,117.324,117.123,117.914
100,optimizer-assisted,lap_lap_time_s,Circuit time,s,7,7,0,121.35957142857141,1.072959281169428,120.988,120.147,123.207
100,AI-only,driving_speed_mean,Mean speed,km/h,5,5,0,145.85386745597535,0.36957664228126474,145.94576410674327,145.25942952031642,146.19471137011467
100,optimizer-assisted,driving_speed_mean,Mean speed,km/h,7,7,0,141.19691046274843,1.2292020277844922,141.65383921075633,139.05249792271422,142.61345456544274
100,AI-only,driving_speed_median,driving_speed_median,km/h,5,5,0,150.24628753662108,0.8819010311518981,150.5060577392578,148.7378768920898,151.0522308349609
100,optimizer-assisted,driving_speed_median,driving_speed_median,km/h,7,7,0,146.2097244262695,1.4302947648080622,146.7340545654297,143.6068572998047,147.75609588623044
100,AI-only,driving_speed_p95,driving_speed_p95,km/h,5,5,0,195.53383834838866,0.08854680890375244,195.49910583496091,195.43357772827144,195.63315429687492
100,optimizer-assisted,driving_speed_p95,driving_speed_p95,km/h,7,7,0,191.47719410487585,1.3404671080262025,191.53645172119136,189.776123046875,193.58828735351565
100,AI-only,driving_speed_max,driving_speed_max,km/h,5,5,0,203.79927978515624,0.004859590144621025,203.8008422851562,203.7911071777344,203.8033599853516
100,optimizer-assisted,driving_speed_max,driving_speed_max,km/h,7,7,0,201.05962262834822,1.0704730396641757,200.7832641601562,199.2955780029297,202.4677886962891
100,AI-only,driving_speed_min,driving_speed_min,km/h,5,5,0,68.31350250244141,0.5335145558050675,68.5608139038086,67.538330078125,68.78703308105469
100,optimizer-assisted,driving_speed_min,driving_speed_min,km/h,7,7,0,55.52852303641183,5.3881254357782495,58.4275016784668,47.12250900268555,60.50794982910156
100,AI-only,driving_pct_a_lt_m3,driving_pct_a_lt_m3,%,5,5,0,15.48444567068301,0.06984826950582436,15.469980566635982,15.39577131516678,15.574733186947862
100,optimizer-assisted,driving_pct_a_lt_m3,driving_pct_a_lt_m3,%,7,7,0,16.603680105838585,0.2771453777525834,16.524966074939766,16.21331828442438,17.041188312748247
100,AI-only,driving_pct_a_lt_m5,driving_pct_a_lt_m5,%,5,5,0,10.294450356647507,0.07390832169778085,10.316403850092156,10.202783502531611,10.38422131147541
100,optimizer-assisted,driving_pct_a_lt_m5,driving_pct_a_lt_m5,%,7,7,0,11.328080817614616,0.125206515850762,11.334637749056135,11.077570688747958,11.455369968735036
100,AI-only,driving_pct_a_gt_p2,driving_pct_a_gt_p2,%,5,5,0,20.092012818839844,0.30474406884839217,20.0261109973377,19.701851283624837,20.53023942192708
100,optimizer-assisted,driving_pct_a_gt_p2,driving_pct_a_gt_p2,%,7,7,0,26.956422437575984,0.42087111051394355,26.84561868011154,26.54909706546276,27.754502421241632
100,AI-only,driving_a_min,driving_a_min,m/s^2,5,5,0,-18.75268167368405,1.2464412392018325,-19.200945988139807,-20.145513658245616,-16.911875530491667
100,optimizer-assisted,driving_a_min,driving_a_min,m/s^2,7,7,0,-44.75100067033815,22.232336672107966,-36.32105802439204,-93.94991058120674,-28.58549842802654
100,AI-only,driving_a_max,driving_a_max,m/s^2,5,5,0,6.73396822326608,0.4338795399250913,6.820840570674359,6.052861943597796,7.237567734324318
100,optimizer-assisted,driving_a_max,driving_a_max,m/s^2,7,7,0,17.444182192495628,8.092357784698903,16.273325641267775,11.087306826923232,34.261467572193496
100,AI-only,driving_wheelSlip_mean,driving_wheelSlip_mean,logged scale,5,5,0,0.2986718677609995,0.00031288937835219035,0.298801903669002,0.2982141655949911,0.2990178836915486
100,optimizer-assisted,driving_wheelSlip_mean,driving_wheelSlip_mean,logged scale,7,7,0,0.32454384346871795,0.004629355127731528,0.3237230165160458,0.3190244492791285,0.331340686834184
100,AI-only,driving_wheelSlip_p95,P95 of per-sample maximum wheelSlip,logged scale,5,5,0,1.0833248126506803,0.00016673383980156216,1.0833603620529175,1.083035826683044,1.0834391832351684
100,optimizer-assisted,driving_wheelSlip_p95,P95 of per-sample maximum wheelSlip,logged scale,7,7,0,1.0862764307430812,0.001291820492735494,1.086143118143082,1.0840889096260071,1.0878837823867795
100,AI-only,driving_wheelSlip_max,driving_wheelSlip_max,logged scale,5,5,0,1.4722076416015626,0.07391500728042051,1.443848371505737,1.400859117507935,1.567232012748718
100,optimizer-assisted,driving_wheelSlip_max,driving_wheelSlip_max,logged scale,7,7,0,3.866321529660906,0.5616117634267022,4.014039993286133,2.979670763015747,4.625779151916504
100,AI-only,driving_absSlipAngle_mean,driving_absSlipAngle_mean,logged scale,5,5,0,2.0426967467749844,0.002811887913234898,2.0436892545435708,2.0396575148716862,2.045283580515932
100,optimizer-assisted,driving_absSlipAngle_mean,driving_absSlipAngle_mean,logged scale,7,7,0,2.2602950434042532,0.04095545374959696,2.2539770440677747,2.2108020530135013,2.320833251452381
100,AI-only,driving_absSlipAngle_p95,P95 of per-sample maximum absolute slip angle,logged scale,5,5,0,10.241736783981324,0.0010445128368794317,10.242116737365723,10.240176391601564,10.24268436431885
100,optimizer-assisted,driving_absSlipAngle_p95,P95 of per-sample maximum absolute slip angle,logged scale,7,7,0,10.26297276360648,0.010559394167412918,10.263935470581057,10.24416828155518,10.274741935729985
100,AI-only,driving_absSlipAngle_max,driving_absSlipAngle_max,logged scale,5,5,0,10.416055488586423,0.0057049117012482236,10.41314888000488,10.4125919342041,10.42605876922607
100,optimizer-assisted,driving_absSlipAngle_max,driving_absSlipAngle_max,logged scale,7,7,0,34.1929691859654,5.7373378387554945,34.4058837890625,27.26180648803711,43.39314651489258
100,AI-only,tracking_cte_xz_mean_m,Mean nearest-reference-point distance,m,5,5,0,1.0603689180586158,0.06455675638425523,1.069452075939423,0.9873533107872534,1.138176246068095
100,optimizer-assisted,tracking_cte_xz_mean_m,Mean nearest-reference-point distance,m,7,7,0,1.167297892703246,0.10402619908412712,1.150009535132784,1.02655061734623,1.337549888791131
100,AI-only,tracking_cte_xz_median_m,tracking_cte_xz_median_m,m,5,5,0,0.805026557319269,0.0357688569302299,0.7936361967357337,0.7725457226857345,0.8627664750973989
100,optimizer-assisted,tracking_cte_xz_median_m,tracking_cte_xz_median_m,m,7,7,0,0.8320727541774006,0.0681089475889557,0.8219848587989029,0.7491291854878737,0.9586177736324608
100,AI-only,tracking_cte_xz_p95_m,P95 nearest-reference-point distance,m,5,5,0,3.0075722175500466,0.1329237884980101,3.052964410171991,2.832587343461281,3.152583880735645
100,optimizer-assisted,tracking_cte_xz_p95_m,P95 nearest-reference-point distance,m,7,7,0,3.796774975887037,0.4049511292054458,3.856046545391307,3.130435397146492,4.256684068196551
100,AI-only,tracking_cte_xz_max_m,tracking_cte_xz_max_m,m,5,5,0,5.448780073534021,0.09156075526560595,5.434340546657526,5.336826404675305,5.581413610419941
100,optimizer-assisted,tracking_cte_xz_max_m,tracking_cte_xz_max_m,m,7,7,0,6.832054961707647,0.9592951883886868,6.600104235329019,5.593542796917344,8.148306172806738
100,AI-only,tracking_pct_cte_xz_le_0.2m,tracking_pct_cte_xz_le_0.2m,%,5,5,0,2.2997144046127542,0.7332103257485696,2.533943593546243,1.342967293895371,3.250429036141492
100,optimizer-assisted,tracking_pct_cte_xz_le_0.2m,tracking_pct_cte_xz_le_0.2m,%,7,7,0,2.463511783408077,0.43202548847430133,2.349031095087878,1.966214345056771,3.035674094080576
100,AI-only,tracking_pct_cte_xz_le_0.3m,tracking_pct_cte_xz_le_0.3m,%,5,5,0,5.734324189776624,1.1911189067527663,6.164821396609476,4.368473459800342,7.010578622473809
100,optimizer-assisted,tracking_pct_cte_xz_le_0.3m,tracking_pct_cte_xz_le_0.3m,%,7,7,0,5.47717796514462,0.8977373820637108,5.492532441034849,4.362323633156966,6.711819241658803
100,AI-only,tracking_pct_cte_xz_le_0.4m,tracking_pct_cte_xz_le_0.4m,%,5,5,0,11.201729414652013,1.8193985082877682,11.85916285254034,8.869326277223692,12.81985604876924
100,optimizer-assisted,tracking_pct_cte_xz_le_0.4m,tracking_pct_cte_xz_le_0.4m,%,7,7,0,10.202650847533803,1.94018809373695,9.68623253717891,8.16247795414462,12.91567201465608
100,AI-only,tracking_pct_cte_xz_le_0.5m,tracking_pct_cte_xz_le_0.5m,%,5,5,0,18.50432556715026,2.763307313679365,19.36638625380347,14.51251780989212,20.89082298732881
100,optimizer-assisted,tracking_pct_cte_xz_le_0.5m,tracking_pct_cte_xz_le_0.5m,%,7,7,0,17.00949911156031,2.8074812348216382,16.26295628661559,13.89863706847303,21.15406257033536
100,AI-only,tracking_pct_cte_xz_le_0.6m,tracking_pct_cte_xz_le_0.6m,%,5,5,0,26.977252076177848,3.529348397640376,28.22623948451763,21.60594341542846,30.06070541225891
100,optimizer-assisted,tracking_pct_cte_xz_le_0.6m,tracking_pct_cte_xz_le_0.6m,%,7,7,0,25.109597667174004,3.5346749194108966,24.09869310500225,20.74593976985228,30.8800360117038
100,AI-only,tracking_pct_cte_xz_le_0.7m,tracking_pct_cte_xz_le_0.7m,%,5,5,0,37.66090409116996,3.401342094139036,38.55378557365312,32.67606350498677,40.88522322686406
100,optimizer-assisted,tracking_pct_cte_xz_le_0.7m,tracking_pct_cte_xz_le_0.7m,%,7,7,0,35.20060097847797,4.727487668915528,34.2299459215863,27.94961778067956,42.86799459824443
100,AI-only,tracking_pct_cte_xz_le_0.8m,tracking_pct_cte_xz_le_0.8m,%,5,5,0,49.651868038603354,3.76306224199207,50.80416272469252,43.79706900061062,53.30806075664045
100,optimizer-assisted,tracking_pct_cte_xz_le_0.8m,tracking_pct_cte_xz_le_0.8m,%,7,7,0,47.43339761841137,6.647147669100186,47.14398377647589,36.72842025082293,57.0447895566059
100,AI-only,tracking_pct_cte_xz_le_0.9m,tracking_pct_cte_xz_le_0.9m,%,5,5,0,59.69505466580422,4.0543669313537,60.36973586642461,53.22104620394871,63.9558412950488
100,optimizer-assisted,tracking_pct_cte_xz_le_0.9m,tracking_pct_cte_xz_le_0.9m,%,7,7,0,57.69474640760783,7.444408047642266,58.02319347648204,45.3358361217661,68.10150799009678
100,AI-only,tracking_pct_cte_xz_le_1.0m,tracking_pct_cte_xz_le_1.0m,%,5,5,0,67.3513183102531,4.345136800900472,67.92554143547521,60.68084673315693,72.04221203350323
100,optimizer-assisted,tracking_pct_cte_xz_le_1.0m,tracking_pct_cte_xz_le_1.0m,%,7,7,0,65.26835287877648,7.435623913304983,65.12795914336503,52.71634157621263,75.8327706504614
100,AI-only,tracking_pct_cte_xz_le_1.1m,tracking_pct_cte_xz_le_1.1m,%,5,5,0,72.92845123110993,4.510998062591762,73.57641463601729,66.24007734581721,77.41604979380651
100,optimizer-assisted,tracking_pct_cte_xz_le_1.1m,tracking_pct_cte_xz_le_1.1m,%,7,7,0,70.85389330865091,6.8105164676855425,70.55224867724867,59.59084849968716,80.1654287643484
100,AI-only,tracking_pct_cte_xz_le_1.2m,tracking_pct_cte_xz_le_1.2m,%,5,5,0,76.62682885551224,4.209147660469764,76.93625508195045,71.05129248931406,80.72539125534695
100,optimizer-assisted,tracking_pct_cte_xz_le_1.2m,tracking_pct_cte_xz_le_1.2m,%,7,7,0,75.15679580409733,5.505960599477194,75.28659611992946,66.03552871405643,82.43304073823992
100,AI-only,tracking_pct_cte_xz_le_1.3m,tracking_pct_cte_xz_le_1.3m,%,5,5,0,79.42614221812214,3.642958566532148,79.13268045718377,75.32312232851618,83.21771406629975
100,optimizer-assisted,tracking_pct_cte_xz_le_1.3m,tracking_pct_cte_xz_le_1.3m,%,7,7,0,78.56269947784196,4.329759320330187,78.94069664902999,71.23425555646237,83.79754670267837
100,AI-only,tracking_pct_cte_xz_le_1.4m,tracking_pct_cte_xz_le_1.4m,%,5,5,0,82.31616608110333,3.3592125267616346,80.93022066532001,79.33209079071666,86.29207730705235
100,optimizer-assisted,tracking_pct_cte_xz_le_1.4m,tracking_pct_cte_xz_le_1.4m,%,7,7,0,81.40946629039857,3.429578559790183,82.35780423280423,75.59781278054353,85.12829169480081
100,AI-only,tracking_cte_xyz_mean_m,tracking_cte_xyz_mean_m,m,5,5,0,1.089741769942654,0.0628372220252615,1.099182156488794,1.018692173738608,1.165338227649696
100,optimizer-assisted,tracking_cte_xyz_mean_m,tracking_cte_xyz_mean_m,m,7,7,0,1.1958130287514315,0.10236004594957081,1.177643506981104,1.057910823337117,1.363736523609334
100,AI-only,tracking_cte_xyz_p95_m,tracking_cte_xyz_p95_m,m,5,5,0,3.014851731247929,0.13204452570502895,3.059838703085516,2.842214319425737,3.159348208821953
100,optimizer-assisted,tracking_cte_xyz_p95_m,tracking_cte_xyz_p95_m,m,7,7,0,3.802855253100657,0.4049756138273464,3.862048741371223,3.136692590182034,4.261517653726635
100,AI-only,tracking_cte_xyz_max_m,tracking_cte_xyz_max_m,m,5,5,0,5.4531363241162225,0.09191979634086114,5.439585441368519,5.340654638419633,5.586312100619271
100,optimizer-assisted,tracking_cte_xyz_max_m,tracking_cte_xyz_max_m,m,7,7,0,6.835573996740915,0.9591366169827582,6.60319530220912,5.597822063321114,8.151949150459009
