source,status,error
external/1001-aioriginal.xlsx,ok,
external/1002-aioriginal.xlsx,ok,
external/1003-aioriginal.xlsx,ok,
external/1004-aioriginal.xlsx,ok,
external/1005-aioriginal.xlsx,ok,
external/10001-sharedoriginal.xlsx,ok,
external/10002-sharedoriginal.xlsx,ok,
external/10003-sharedoriginal.xlsx,ok,
external/10004-sharedoriginal.xlsx,ok,
external/10005-sharedoriginal.xlsx,ok,
external/10006-sharedoriginal.xlsx,ok,
external/10007-sharedoriginal.xlsx,ok,
external/801-aioriginal.xlsx,ok,
external/802-aioriginal.xlsx,ok,
external/803-aioriginal.xlsx,ok,
external/804-aioriginal.xlsx,ok,
external/805-aioriginal.xlsx,ok,
external/8001-sharedoriginal.xlsx,ok,
external/8002-sharedoriginal.xlsx,ok,
external/8003-sharedoriginal.xlsx,ok,
external/8004-sharedoriginal.xlsx,ok,
external/8005-sharedoriginal.xlsx,ok,
external/8006-sharedoriginal.xlsx,ok,
external/8007-sharedoriginal.xlsx,ok,
external/851-aioriginal.xlsx,ok,
external/852-aioriginal.xlsx,ok,
external/853-aioriginal.xlsx,ok,
external/854-aioriginal.xlsx,ok,
external/855-aioriginal.xlsx,ok,
external/8501-sharedoriginal.xlsx,ok,
external/8502-sharedoriginal.xlsx,ok,
external/8503-sharedoriginal.xlsx,ok,
external/8504-sharedoriginal.xlsx,ok,
external/8505-sharedoriginal.xlsx,ok,
external/8506-sharedoriginal.xlsx,ok,
external/8507-sharedoriginal.xlsx,ok,
external/901-aioriginal.xlsx,ok,
external/902-aioriginal.xlsx,ok,
external/903-aioriginal.xlsx,ok,
external/904-aioriginal.xlsx,ok,
external/905-aioriginal.xlsx,ok,
external/9001-sharedoriginal.xlsx,ok,
external/9002-sharedoriginal.xlsx,ok,
external/9003-sharedoriginal.xlsx,ok,
external/9004-sharedoriginal.xlsx,ok,
external/9005-sharedoriginal.xlsx,ok,
external/9006-sharedoriginal.xlsx,ok,
external/9007-sharedoriginal.xlsx,ok,
external/951-aioriginal.xlsx,ok,
external/952-aioriginal.xlsx,ok,
external/953-aioriginal.xlsx,ok,
external/954-aioriginal.xlsx,ok,
external/955-aioriginal.xlsx,ok,
external/9501-sharedoriginal.xlsx,ok,
external/9502-sharedoriginal.xlsx,ok,
external/9503-sharedoriginal.xlsx,ok,
external/9504-sharedoriginal.xlsx,ok,
external/9505-sharedoriginal.xlsx,ok,
external/9506-sharedoriginal.xlsx,ok,
external/9507-sharedoriginal.xlsx,ok,
