source,folder,run_id,AIpush,condition,lap_raw_rows,lap_selected_rows,lap_selected_completedLaps,lap_source_first_row_0based,lap_source_last_row_0based,lap_entry_transition_observed,lap_exit_transition_observed,lap_lap_complete,lap_lap_time_s,lap_input_file,driving_rows,driving_pos_min,driving_pos_max,driving_speed_mean,driving_speed_median,driving_speed_p95,driving_speed_max,driving_speed_min,driving_pct_a_lt_m3,driving_pct_a_lt_m5,driving_pct_a_gt_p2,driving_a_min,driving_a_max,driving_wheelSlip_mean,driving_wheelSlip_p95,driving_wheelSlip_max,driving_absSlipAngle_mean,driving_absSlipAngle_p95,driving_absSlipAngle_max,driving_aggregation,driving_despike_enabled,driving_lap_time_s,driving_lap_complete,driving_time_span_s,driving_accel_valid_samples,tracking_nn_backend,tracking_rows,tracking_cte_xz_mean_m,tracking_cte_xz_median_m,tracking_cte_xz_p95_m,tracking_cte_xz_max_m,tracking_pct_cte_xz_le_0.2m,tracking_pct_cte_xz_le_0.3m,tracking_pct_cte_xz_le_0.4m,tracking_pct_cte_xz_le_0.5m,tracking_pct_cte_xz_le_0.6m,tracking_pct_cte_xz_le_0.7m,tracking_pct_cte_xz_le_0.8m,tracking_pct_cte_xz_le_0.9m,tracking_pct_cte_xz_le_1.0m,tracking_pct_cte_xz_le_1.1m,tracking_pct_cte_xz_le_1.2m,tracking_pct_cte_xz_le_1.3m,tracking_pct_cte_xz_le_1.4m,tracking_cte_xyz_mean_m,tracking_cte_xyz_p95_m,tracking_cte_xyz_max_m,tracking_prog_err_abs_mean,tracking_prog_err_abs_p95,tracking_prog_err_abs_max,tracking_heading_err_abs_mean_rad,tracking_heading_err_abs_p95_rad,tracking_heading_err_abs_max_rad,tracking_matching_plane,tracking_distance_definition,tracking_valid_position_rows,tracking_aggregation,tracking_progress_mapping,tracking_heading_convention
external/1001-aioriginal.xlsx,100-ai,1001,100,AI-only,43194,39167,1,3087,42253,True,True,True,117.503,external/1001-aioriginal.xlsx,39167,1.676172360021155e-05,0.9999943971633911,145.76843545899914,150.3659515380859,195.48238220214844,203.7911071777344,68.69477844238281,15.574733186947862,10.235918909258029,19.994382883112905,-19.337760450116985,7.237567734324318,0.2990178836915486,1.0834372043609617,1.400859117507935,2.0452835805159317,10.242116737365723,10.41299915313721,sample_weighted,False,117.503,True,117.49800959997806,39166,numpy_bruteforce_chunked,39167,1.103960084987656,0.8139482790024474,3.152583880735645,5.336826404675305,1.342967293895371,4.368473459800342,9.68927924017668,16.88921796410243,25.33255036127352,35.87458830137616,48.28809967574744,59.04205070595145,66.09135241402201,70.97556616539433,73.87852018280695,76.44190262210535,79.33209079071666,1.131963254861696,3.159348208821953,5.340654638419633,,,,1.559290232770602,1.606291993980946,1.637758271749982,XZ,nearest_sampled_reference_point,39167,sample_weighted,unavailable_no_s_norm,legacy_raw_yaw_minus_atan2_dz_dx_unverified
external/1002-aioriginal.xlsx,100-ai,1002,100,AI-only,42547,39304,1,2482,41785,True,True,True,117.914,external/1002-aioriginal.xlsx,39304,2.937621729870443e-06,0.9999801516532898,145.25942952031642,148.7378768920898,195.43357772827144,203.8033599853516,68.5608139038086,15.395771315166781,10.202783502531613,20.530239421927078,-20.145513658245616,6.888449267216785,0.2982141655949911,1.0833514869213103,1.443848371505737,2.039727869606743,10.241197538375857,10.42605876922607,sample_weighted,False,117.914,True,117.9090178000042,39303,numpy_bruteforce_chunked,39304,1.138176246068095,0.8627664750973989,3.091643775729363,5.485536197145699,1.831874618359455,4.579686545898636,8.869326277223692,14.51251780989212,21.60594341542846,32.67606350498677,43.79706900061062,53.22104620394871,60.68084673315693,66.24007734581721,71.05129248931406,75.32312232851618,79.47791573376756,1.165338227649696,3.098337354474388,5.489564342829555,,,,1.5591455531281,1.606138026888655,1.638775970474464,XZ,nearest_sampled_reference_point,39304,sample_weighted,unavailable_no_s_norm,legacy_raw_yaw_minus_atan2_dz_dx_unverified
external/1003-aioriginal.xlsx,100-ai,1003,100,AI-only,46756,39065,1,1697,40761,True,True,True,117.199,external/1003-aioriginal.xlsx,39065,9.158467946690507e-06,0.9999853372573853,146.10099682370327,150.5693206787109,195.63315429687495,203.8008422851562,67.98655700683594,15.530923612533279,10.316403850092156,20.0261109973377,-19.200945988139807,6.820840570674359,0.29880190366900206,1.0833603620529177,1.533363699913025,2.0451255143369895,10.242508888244627,10.41547870635986,sample_weighted,False,117.199,True,117.19218939996787,39064,numpy_bruteforce_chunked,39065,1.002902872510652,0.7822361130750302,2.908081677651952,5.434340546657526,2.539357481121208,6.548060924100857,12.77102265455011,20.89082298732881,29.66082170741073,40.31485984896966,52.06194803532574,61.88659925764751,70.01663893510816,76.43414821451428,80.54268526814285,83.21771406629975,86.29207730705235,1.033533036974475,2.91452007043205,5.439585441368519,,,,1.559317375090684,1.607325081727159,1.63072975532736,XZ,nearest_sampled_reference_point,39065,sample_weighted,unavailable_no_s_norm,legacy_raw_yaw_minus_atan2_dz_dx_unverified
external/1004-aioriginal.xlsx,100-ai,1004,100,AI-only,43455,39109,1,2459,41567,True,True,True,117.324,external/1004-aioriginal.xlsx,39109,2.937621729870443e-06,0.9999810457229614,145.94576410674327,151.0522308349609,195.49910583496094,203.8021850585938,68.78703308105469,15.469980566635982,10.332924209880332,19.701851283624833,-18.167312741426176,6.0528619435977955,0.2985121886676974,1.0834391832351684,1.415735006332397,2.0396575148716862,10.240176391601565,10.4125919342041,sample_weighted,False,117.324,True,117.32412280002612,39108,numpy_bruteforce_chunked,39109,1.069452075939423,0.7936361967357337,3.052964410171991,5.405783608771634,2.533943593546243,6.164821396609476,11.85916285254034,19.36638625380347,28.22623948451763,38.55378557365312,50.80416272469252,60.36973586642461,67.92554143547521,73.57641463601729,76.93625508195045,79.13268045718377,80.93022066532001,1.099182156488794,3.059838703085516,5.409565097344136,,,,1.559424562088414,1.606573926757794,1.639476444259865,XZ,nearest_sampled_reference_point,39109,sample_weighted,unavailable_no_s_norm,legacy_raw_yaw_minus_atan2_dz_dx_unverified
external/1005-aioriginal.xlsx,100-ai,1005,100,AI-only,51830,39041,1,1408,40448,True,True,True,117.123,external/1005-aioriginal.xlsx,39041,1.676172360021155e-05,0.9999698996543884,146.19471137011467,150.5060577392578,195.6209716796875,203.7989044189453,67.538330078125,15.450819672131146,10.38422131147541,20.20747950819672,-16.911875530491667,6.670121600517145,0.2988131971817587,1.083035826683044,1.567232012748718,2.0436892545435708,10.24268436431885,10.41314888000488,sample_weighted,False,117.123,True,117.12000599998287,39040,numpy_bruteforce_chunked,39041,0.9873533107872534,0.7725457226857345,2.832587343461281,5.581413610419941,3.250429036141492,7.010578622473809,12.81985604876924,20.86268282062447,30.06070541225891,40.88522322686406,53.30806075664045,63.9558412950488,72.04221203350323,77.41604979380651,80.72539125534695,83.01529161650572,85.54852590866012,1.018692173738608,2.842214319425737,5.586312100619271,,,,1.559293553312281,1.607645240980941,1.63079651540723,XZ,nearest_sampled_reference_point,39041,sample_weighted,unavailable_no_s_norm,legacy_raw_yaw_minus_atan2_dz_dx_unverified
external/10001-sharedoriginal.xlsx,100-shared,10001,100,optimizer-assisted,41604,36026,1,1651,37676,True,True,True,120.988,external/10001-sharedoriginal.xlsx,36026,1.412003257428296e-05,0.9999932050704956,141.65383921075633,147.2978591918945,193.58828735351565,201.7308959960938,53.69743728637695,16.84385843164469,11.444829979181124,26.581540596807773,-44.788692932599716,11.7507579173852,0.32364511947663316,1.0874272286891937,4.280611038208008,2.2539770440677747,10.265957593917845,37.32611465454102,sample_weighted,False,120.988,True,120.98443289999982,36025,numpy_bruteforce_chunked,36026,1.121734013172416,0.7786198925595681,3.856046545391307,7.116020226260645,2.967301393438072,6.711819241658803,12.91567201465608,20.65175151279631,28.82362738022539,38.97740520735024,53.45861322378283,64.40348637095431,71.90362515960696,77.73274857047687,80.53905512685283,82.58202409371009,84.0309776272692,1.152354924299638,3.862048741371223,7.118891020828086,,,,1.559017874301177,1.608623073574489,1.655979092331192,XZ,nearest_sampled_reference_point,36026,sample_weighted,unavailable_no_s_norm,legacy_raw_yaw_minus_atan2_dz_dx_unverified
external/10002-sharedoriginal.xlsx,100-shared,10002,100,optimizer-assisted,39561,36288,1,1842,38129,True,True,True,121.314,external/10002-sharedoriginal.xlsx,36288,1.62299230055396e-07,0.9999790787696838,141.25729107930337,145.9411468505859,190.8697731018067,200.7832641601562,59.59928512573242,16.463196185961916,11.334637749056135,27.001405462011192,-36.09109355310806,11.087306826923232,0.32417160145414575,1.0853578567504885,2.979670763015747,2.2558307950240355,10.257523107528689,27.26180648803711,sample_weighted,False,121.314,True,121.30860519999986,36287,numpy_bruteforce_chunked,36288,1.150009535132784,0.8277268822183409,3.594057930417053,6.462007505683451,1.975859788359789,4.362323633156966,8.16247795414462,15.25573192239859,23.35758377425044,33.64473104056437,46.42857142857143,57.38811728395061,64.79552469135803,70.55224867724867,75.28659611992946,78.94069664902999,82.35780423280423,1.177643506981104,3.600123307102352,6.465418385080419,,,,1.559164024438361,1.607291797483939,1.647532919837531,XZ,nearest_sampled_reference_point,36288,sample_weighted,unavailable_no_s_norm,legacy_raw_yaw_minus_atan2_dz_dx_unverified
external/10003-sharedoriginal.xlsx,100-shared,10003,100,optimizer-assisted,39295,36759,1,1252,38010,True,True,True,123.207,external/10003-sharedoriginal.xlsx,36759,1.769061600498389e-05,0.9999732971191406,139.05249792271422,143.6068572998047,189.776123046875,199.2955780029297,49.72567367553711,17.041188312748247,11.333587246313728,27.754502421241632,-28.58549842802654,11.673447162401562,0.32994967406657516,1.0861033678054812,4.116402626037598,2.307610664521312,10.2743444442749,37.65509414672852,sample_weighted,False,123.207,True,123.20262390000016,36758,numpy_bruteforce_chunked,36759,1.337549888791131,0.9586177736324608,4.225938226624735,7.940840055435981,2.617046165564896,5.492532441034849,8.882178514105389,13.89863706847303,20.74593976985228,27.94961778067956,36.72842025082293,45.3358361217661,52.71634157621263,59.59084849968716,66.03552871405643,71.23425555646237,75.59781278054353,1.363736523609334,4.234177066403209,7.944445401242484,,,,1.557921584425455,1.609185615662192,1.671714026134836,XZ,nearest_sampled_reference_point,36759,sample_weighted,unavailable_no_s_norm,legacy_raw_yaw_minus_atan2_dz_dx_unverified
external/10004-sharedoriginal.xlsx,100-shared,10004,100,optimizer-assisted,40146,35544,1,1505,37048,True,True,True,120.147,external/10004-sharedoriginal.xlsx,35544,3.408283873795881e-06,0.9999585747718811,142.61345456544274,147.75609588623044,192.54234008789064,200.6233215332031,59.61930465698242,16.444869594575586,11.298989955828151,26.753509833159832,-93.94991058120674,16.273325641267775,0.31902444927912854,1.0840889096260073,3.384261846542358,2.2108020530135013,10.24416828155518,30.59563827514648,sample_weighted,False,120.147,True,120.14517809999957,35543,numpy_bruteforce_chunked,35544,1.02655061734623,0.7491291854878737,3.130435397146492,5.963563739520356,3.035674094080576,6.524307900067522,12.83198289444069,21.15406257033536,30.8800360117038,42.86799459824443,57.0447895566059,68.10150799009678,75.8327706504614,80.1654287643484,82.43304073823992,83.79754670267837,85.12829169480081,1.057910823337117,3.136692590182034,5.967296654046173,,,,1.55970933518066,1.607096471629853,1.645058776870949,XZ,nearest_sampled_reference_point,35544,sample_weighted,unavailable_no_s_norm,legacy_raw_yaw_minus_atan2_dz_dx_unverified
external/10005-sharedoriginal.xlsx,100-shared,10005,100,optimizer-assisted,40759,36110,1,2120,38229,True,True,True,122.403,external/10005-sharedoriginal.xlsx,36110,1.898901064123493e-05,0.9999790787696838,140.04761712838328,145.1897048950195,190.14937744140627,201.9598388671875,47.12250900268555,16.524966074939766,11.077570688747958,27.20928300423717,-34.51927755343323,18.188883285269142,0.331340686834184,1.0878837823867797,4.625779151916504,2.3208332514523815,10.274741935729983,43.39314651489258,sample_weighted,False,122.403,True,122.39985190000064,36109,numpy_bruteforce_chunked,36110,1.269895470302861,0.8730853045034348,4.256684068196551,8.148306172806738,1.966214345056771,4.696759900304625,8.739961229576295,15.15646635281085,22.9410135696483,33.00470783716422,42.95762946552202,52.58100249238438,60.99695375242315,66.7626696206037,71.38742730545556,75.27277762392688,78.15563555801717,1.296804110577412,4.261517653726635,8.151949150459009,,,,1.55801583109986,1.609713863821396,1.691480334698104,XZ,nearest_sampled_reference_point,36110,sample_weighted,unavailable_no_s_norm,legacy_raw_yaw_minus_atan2_dz_dx_unverified
external/10006-sharedoriginal.xlsx,100-shared,10006,100,optimizer-assisted,39521,35504,1,1106,36609,True,True,True,120.73,external/10006-sharedoriginal.xlsx,35504,3.91141147702001e-05,0.999996542930603,141.91302548565807,146.94235229492188,191.53645172119138,202.4677886962891,58.4275016784668,16.6943638565755,11.455369968735036,26.84561868011154,-39.00147361960077,34.261467572193496,0.3237230165160458,1.086143118143082,3.663485288619995,2.2526176786269416,10.263935470581057,28.71310043334961,sample_weighted,False,120.73,True,120.72665240000013,35503,numpy_bruteforce_chunked,35504,1.153095399127337,0.8219848587989029,3.976740123182142,6.600104235329019,2.349031095087878,4.900856241550247,9.68623253717891,16.26295628661559,24.09869310500225,34.2299459215863,47.14398377647589,58.03008111762055,65.50529517800811,71.05959891843172,76.33787742226228,80.42755745831455,83.52861649391618,1.181431949421752,3.981828163317426,6.60319530220912,,,,1.559137740853039,1.607321763631811,1.651930492777274,XZ,nearest_sampled_reference_point,35504,sample_weighted,unavailable_no_s_norm,legacy_raw_yaw_minus_atan2_dz_dx_unverified
external/10007-sharedoriginal.xlsx,100-shared,10007,100,optimizer-assisted,41297,35441,1,681,36121,True,True,True,120.728,external/10007-sharedoriginal.xlsx,35441,2.385798688919749e-05,0.9999992251396179,141.84064784698086,146.7340545654297,191.8780059814453,200.5566711425781,60.50794982910156,16.21331828442438,11.35158013544018,26.549097065462757,-36.32105802439204,18.874086942028978,0.31995235665431376,1.086930751800537,4.014039993286133,2.220393817123827,10.26013851165771,34.4058837890625,sample_weighted,False,120.728,True,120.72110750000002,35440,numpy_bruteforce_chunked,35441,1.112250325049962,0.8153453820412235,3.537522540250978,5.593542796917344,2.333455602268559,5.651646398239327,10.20005078863463,16.68688806749245,24.92029005953557,35.72980446375666,48.27177562709856,58.02319347648204,65.12795914336503,70.1137101097599,74.07804520188482,77.68403826077143,81.06712564543889,1.140809363033664,3.543599249601719,5.597822063321114,,,,1.55937091168105,1.606740534121751,1.631950664542019,XZ,nearest_sampled_reference_point,35441,sample_weighted,unavailable_no_s_norm,legacy_raw_yaw_minus_atan2_dz_dx_unverified
external/801-aioriginal.xlsx,80-ai,801,80,AI-only,45947,42715,1,1041,43755,True,True,True,128.148,external/801-aioriginal.xlsx,42715,4.320032076066127e-06,0.9999607801437378,133.2942402350823,138.2400207519531,175.9070083618164,182.0462646484375,77.75487518310547,10.598398651495996,8.322798145806996,9.053237814299761,-18.413041883505898,4.997293912327519,0.20645474559541296,0.6719142556190484,1.711174368858337,1.2589629180250455,4.317442893981934,8.46197509765625,sample_weighted,False,128.148,True,128.1418737999629,42714,numpy_bruteforce_chunked,42715,0.5590957153839224,0.5527546261492668,1.042385736814467,2.981917089541661,9.738967575793046,19.49900503336065,30.14631862343439,42.57052557649538,56.26126653400445,70.32190097155566,82.95446564438723,89.31522884232706,93.33489406531663,96.70373405127005,98.57193023528035,99.65819969565727,99.88996839517735,0.6043286621929238,1.062441541362309,2.989798785915683,,,,1.566029727107393,1.597979578937419,1.623029694295817,XZ,nearest_sampled_reference_point,42715,sample_weighted,unavailable_no_s_norm,legacy_raw_yaw_minus_atan2_dz_dx_unverified
external/802-aioriginal.xlsx,80-ai,802,80,AI-only,49686,42714,1,1289,44002,True,True,True,128.146,external/802-aioriginal.xlsx,42714,3.283224259575945e-06,0.9999814033508301,133.30197527185666,138.2514953613281,175.92673034667968,182.0766448974609,77.77092742919922,10.67122421745136,8.283192470676374,9.275864490904409,-18.314523657261063,4.354316819672549,0.20637607750064585,0.6623853802680969,1.748665571212769,1.2594568430186694,4.3110769033432,8.484132766723633,sample_weighted,False,128.146,True,128.13892789999952,42713,numpy_bruteforce_chunked,42714,0.5605313538664518,0.5565434101956426,1.005474825435585,2.970348376947662,9.432504565247928,19.07805403380625,30.05806058903404,42.11031511916467,56.34920634920635,70.64896755162242,84.20424216884393,90.88120990775857,94.83541695931078,96.7621857002388,97.58627148007679,97.9538324671068,98.86688205272276,0.6053971613427908,1.0259521904953,2.978255536062295,,,,1.566054144130091,1.598021340335811,1.622886166311197,XZ,nearest_sampled_reference_point,42714,sample_weighted,unavailable_no_s_norm,legacy_raw_yaw_minus_atan2_dz_dx_unverified
external/803-aioriginal.xlsx,80-ai,803,80,AI-only,44690,42712,1,304,43015,True,True,True,128.139,external/803-aioriginal.xlsx,42712,7.430454843415646e-06,0.9999843835830688,133.28879958151163,138.24850463867188,175.9122062683105,182.0671081542969,77.69400024414062,10.648310739622111,8.311676149001428,9.22244854955398,-19.84712694017632,4.21655060088104,0.20717005249124334,0.6832893133163451,1.664817929267883,1.2654238973280203,4.339754271507262,8.886569023132324,sample_weighted,False,128.139,True,128.13307909999273,42711,numpy_bruteforce_chunked,42712,0.5930099233775934,0.5849697801748646,1.094047020040906,2.93233197986889,7.915808203783479,17.62736467503278,28.07173628020229,39.49943809702192,51.93622401198726,64.92086533058625,78.85137666229632,86.34107510769807,91.60189174002622,95.15124555160142,97.02425547855404,98.19020415808204,99.2625023412624,0.6356753567008604,1.112655945561443,2.937830972343072,,,,1.566089294390473,1.597629317174603,1.620497386486732,XZ,nearest_sampled_reference_point,42712,sample_weighted,unavailable_no_s_norm,legacy_raw_yaw_minus_atan2_dz_dx_unverified
external/804-aioriginal.xlsx,80-ai,804,80,AI-only,46907,42722,1,1494,44215,True,True,True,128.169,external/804-aioriginal.xlsx,42722,1.710732612991706e-05,0.9999935030937195,133.26509006143615,138.20575714111328,175.8690948486328,182.0250701904297,77.6924057006836,10.556868987149178,8.337819807588774,9.26476440158236,-21.010755726172885,4.17160085028344,0.20753296310369604,0.6727477520704269,1.523685693740845,1.2699492442228208,4.35043168067932,8.555136680603027,sample_weighted,False,128.169,True,128.16259099997117,42721,numpy_bruteforce_chunked,42722,0.6032948220732064,0.5778658379539994,1.213402912152232,2.981023238298638,9.00238752867375,19.01830438649876,29.34085482889378,40.72608960254669,52.75502083235803,65.49318852113664,77.38401760217218,82.87065212302794,87.00435372875802,90.86887318009457,94.57422405318103,97.57033846730022,99.38439211647395,0.6466266357559031,1.230657920092418,2.988906196119807,,,,1.566326254098148,1.598008244581295,1.620934638995822,XZ,nearest_sampled_reference_point,42722,sample_weighted,unavailable_no_s_norm,legacy_raw_yaw_minus_atan2_dz_dx_unverified
external/805-aioriginal.xlsx,80-ai,805,80,AI-only,45807,42717,1,1518,44234,True,True,True,128.153,external/805-aioriginal.xlsx,42717,4.320032076066127e-06,0.9999822974205017,133.29711202721523,138.2400360107422,175.89920654296876,182.0460815429688,77.77496337890625,10.663451634048132,8.219402565783312,9.31266972562974,-20.68235101284165,4.294616386417284,0.20647844519089403,0.6579647421836846,1.62471878528595,1.261016620967605,4.320223140716553,8.459447860717773,sample_weighted,False,128.153,True,128.14819470001382,42716,numpy_bruteforce_chunked,42717,0.6460158329575603,0.6134522778629735,1.352749899022858,2.937719046350184,8.724863637427722,17.90622000608657,27.40829178078985,37.57754523960016,48.46782311491912,60.07444343001615,71.92452653510311,79.24713814172344,84.85614626495305,88.74452793969614,91.43666455977714,93.70976426247162,95.96179506987849,0.6877067573136918,1.368155044742887,2.943212127078592,,,,1.566195214698957,1.598748495123128,1.62085817787736,XZ,nearest_sampled_reference_point,42717,sample_weighted,unavailable_no_s_norm,legacy_raw_yaw_minus_atan2_dz_dx_unverified
external/8001-sharedoriginal.xlsx,80-shared,8001,80,optimizer-assisted,40454,37842,1,600,38441,True,True,True,128.339,external/8001-sharedoriginal.xlsx,37842,1.217244243889581e-05,0.9999883770942688,133.13883591222432,138.53341674804688,174.7870780944824,181.4483947753906,78.00080108642578,10.665680082450251,8.395655505932718,14.169815808250311,-40.58957160445679,8.76011335849928,0.22786949899715594,0.8031957000493999,1.368952631950378,1.4883416544412886,5.879669404029842,11.33284568786621,sample_weighted,False,128.339,True,128.33514159999868,37841,numpy_bruteforce_chunked,37842,0.573820915839434,0.5621944795091489,1.122106550857675,2.930208818824258,10.01268431901062,19.94080651128376,30.7674013001427,42.50568151789017,55.07108503778871,68.54288885365467,80.94709581945986,87.1465567359019,91.49357856350088,94.46118069869456,96.35854341736695,98.18984197452566,99.45298874266688,0.6186893118955664,1.140583281017886,2.935700760047718,,,,1.566396269224795,1.59890878782367,1.627880414888518,XZ,nearest_sampled_reference_point,37842,sample_weighted,unavailable_no_s_norm,legacy_raw_yaw_minus_atan2_dz_dx_unverified
external/8002-sharedoriginal.xlsx,80-shared,8002,80,optimizer-assisted,41362,38005,1,1777,39781,True,True,True,128.598,external/8002-sharedoriginal.xlsx,38005,1.15232451207703e-05,0.9999880790710449,132.71243593998605,138.2062530517578,174.48679504394534,181.3617248535156,77.74298095703125,10.646247763393326,8.193874329017998,14.374802652352384,-46.262850673847645,12.639887120762403,0.22852295710143675,0.8132043242454529,1.167023062705994,1.4898142753245884,6.0907205581665025,10.93173503875732,sample_weighted,False,128.598,True,128.59583469999964,38004,numpy_bruteforce_chunked,38005,0.556630059625776,0.5631888009423436,0.986174714192647,2.934399742551027,10.29864491514275,20.38679121168267,30.70122352322063,42.2128667280621,54.64281015655835,67.97263517958163,81.9892119457966,89.45138797526641,95.62952243125903,98.5949217208262,99.81844494145507,99.93158794895407,99.93421918168663,0.6021470296094468,1.006672472718334,2.93986232673582,,,,1.566078951355727,1.597781726097106,1.626135903850201,XZ,nearest_sampled_reference_point,38005,sample_weighted,unavailable_no_s_norm,legacy_raw_yaw_minus_atan2_dz_dx_unverified
external/8003-sharedoriginal.xlsx,80-shared,8003,80,optimizer-assisted,57189,37928,1,767,38694,True,True,True,128.258,external/8003-sharedoriginal.xlsx,37928,6.005071554682218e-06,0.9999600648880005,133.2039059826252,138.3556137084961,174.50298156738282,179.8497314453125,77.89217376708984,10.757507844016136,8.368708308065493,14.216784876209559,-125.02931301014098,15.921555523015162,0.23009796738190683,0.82171531021595,1.513665676116943,1.5007320649187497,6.101368308067322,13.33285236358643,sample_weighted,False,128.258,True,128.25389170000017,37927,numpy_bruteforce_chunked,37928,0.5905550288691208,0.572498071544917,1.210949432780444,2.91892372839445,9.673592069183716,19.39464248048935,29.91984813330521,41.01455389158406,53.78348449694157,67.19837587006961,79.41098924277578,85.37228432820079,90.01792870702383,92.70196161147437,94.78221894115165,96.76492301202279,98.58415946002953,0.6346825378355835,1.228143342572223,2.924424492803082,,,,1.566333626644413,1.5974292752854,1.626267516078617,XZ,nearest_sampled_reference_point,37928,sample_weighted,unavailable_no_s_norm,legacy_raw_yaw_minus_atan2_dz_dx_unverified
external/8004-sharedoriginal.xlsx,80-shared,8004,80,optimizer-assisted,44205,37838,1,1432,39269,True,True,True,128.29,external/8004-sharedoriginal.xlsx,37838,3.132375059067272e-05,0.9999832510948181,133.13179522514898,138.53153228759766,174.08122406005862,177.3772277832031,77.83580780029297,10.85974046568174,8.306683933715675,14.644395697333298,-47.243653165034,10.94576114478865,0.22595665036439816,0.7948850393295288,1.442946434020996,1.4678450971006745,6.185446524620057,11.20726013183594,sample_weighted,False,128.29,True,128.28373159999865,37837,numpy_bruteforce_chunked,37838,0.5898024507178193,0.5611430137529531,1.243570333855417,2.971528792959122,10.88323907183255,20.75691104180982,31.48422221047624,42.74010254241767,54.580051799778,67.47978222950472,79.19023204186267,84.54992335747133,88.2419789629473,91.08568106136687,93.79195517733496,96.38987261483165,98.36672128548021,0.6348146765569394,1.261002954448737,2.976935820091605,,,,1.566235273828884,1.598727903874864,1.625441154405729,XZ,nearest_sampled_reference_point,37838,sample_weighted,unavailable_no_s_norm,legacy_raw_yaw_minus_atan2_dz_dx_unverified
external/8005-sharedoriginal.xlsx,80-shared,8005,80,optimizer-assisted,44342,37841,1,2562,40402,True,True,True,128.265,external/8005-sharedoriginal.xlsx,37841,1.801521466404665e-05,0.9999935030937195,133.13795552140692,138.2244720458984,175.0388793945312,179.8137512207031,77.86177062988281,10.739957716701904,8.258456659619451,14.415961945031713,-46.22557424155216,11.761378661250758,0.2243254853322657,0.7981414794921875,1.298765540122986,1.451451044981768,5.895797252655029,12.05773735046387,sample_weighted,False,128.265,True,128.26388629999926,37840,numpy_bruteforce_chunked,37841,0.5413746272316774,0.5386966297993508,0.9969917208144697,2.946476167777709,10.51240717740018,21.58505324912132,33.16772812557808,45.26571707935837,57.81559683940699,71.1159853069422,84.2657435057213,90.56314579424433,95.13754921910098,98.36156549774054,99.62210300996274,99.92600618376892,99.92864882006289,0.5878097759177858,1.017587251880411,2.951928560724087,,,,1.566179576833199,1.597688422725485,1.628280242845671,XZ,nearest_sampled_reference_point,37841,sample_weighted,unavailable_no_s_norm,legacy_raw_yaw_minus_atan2_dz_dx_unverified
external/8006-sharedoriginal.xlsx,80-shared,8006,80,optimizer-assisted,41334,37663,1,1104,38766,True,True,True,128.433,external/8006-sharedoriginal.xlsx,37663,8.114961360661255e-07,0.9999772310256958,132.97686123932155,138.5622406005859,175.34539642333982,180.3113403320312,77.73355865478516,10.67654399660135,8.143486803674792,14.258403696033136,-31.403008785379306,12.666391158972509,0.22565909661850553,0.803986966609955,1.635912656784058,1.4673111331484545,6.257220315933229,10.66304397583008,sample_weighted,False,128.433,True,128.42974890000005,37662,numpy_bruteforce_chunked,37663,0.5687443455454638,0.5612279243339802,1.03369702331627,2.920006810611523,10.32843905158909,20.05681969041234,30.42243050208427,41.97488251068688,54.97172291107984,68.98282133659028,82.60892653267132,89.91052226322917,94.09500039826885,96.21113559727054,96.99174255901018,97.41921779996284,97.77500464647001,0.6138072008383864,1.053123527578754,2.925518614029291,,,,1.56616197626209,1.598603644752726,1.62854584114279,XZ,nearest_sampled_reference_point,37663,sample_weighted,unavailable_no_s_norm,legacy_raw_yaw_minus_atan2_dz_dx_unverified
external/8007-sharedoriginal.xlsx,80-shared,8007,80,optimizer-assisted,42276,37628,1,1262,38889,True,True,True,128.391,external/8007-sharedoriginal.xlsx,37628,1.99628047994338e-05,0.9999959468841553,133.03211257312506,138.26467895507812,175.11219100952147,180.1713256835938,77.71097564697266,10.665213809232732,8.206872724373456,14.569325218593033,-70.03765166060975,15.787844383165694,0.22562882801512807,0.8088078767061233,2.094053745269775,1.4507299891976904,5.907873392105103,11.32351398468018,sample_weighted,False,128.391,True,128.38708099999982,37627,numpy_bruteforce_chunked,37628,0.5457947582905872,0.5395993683568009,1.012232099986823,2.924877659455032,9.939406824705006,20.70001063038163,32.22600191346869,44.93728074837887,57.81598809397257,72.14042734134155,84.89157010736686,90.86318698841288,94.66354842138833,96.98894440310407,98.47454023599447,99.45785053683427,99.86446263420858,0.5917134266775647,1.032850372287214,2.932853598493236,,,,1.566047860423063,1.59790853279994,1.627331813738005,XZ,nearest_sampled_reference_point,37628,sample_weighted,unavailable_no_s_norm,legacy_raw_yaw_minus_atan2_dz_dx_unverified
external/851-aioriginal.xlsx,85-ai,851,85,AI-only,43545,40803,1,1072,41874,True,True,True,122.41,external/851-aioriginal.xlsx,40803,2.125455648638308e-05,0.9999968409538269,139.5386730237378,144.1566925048828,183.2117950439453,192.1170654296875,81.4857177734375,11.617077594235576,8.847605509533846,12.903779226508505,-18.51744186825017,5.301642075348282,0.23299963738361196,0.7515676617622377,1.343485355377197,1.4516531941578008,5.094670009613037,10.21013069152832,sample_weighted,False,122.41,True,122.40593940002147,40802,numpy_bruteforce_chunked,40803,0.6017783460480712,0.5595963397845435,1.310988951407627,2.959999489777915,10.92076562997819,21.20677401171482,31.58591280052937,43.10222287576894,54.62588535156728,66.53677425679484,77.67321030316398,81.93025022669902,85.43489449305198,88.9052275567973,92.00303899223097,94.67931279562777,97.66683822267971,0.6471561665887402,1.326738393372332,2.967941671317501,,,,1.565152844867399,1.601819988590662,1.632408222124235,XZ,nearest_sampled_reference_point,40803,sample_weighted,unavailable_no_s_norm,legacy_raw_yaw_minus_atan2_dz_dx_unverified
external/852-aioriginal.xlsx,85-ai,852,85,AI-only,45508,40801,1,2063,42863,True,True,True,122.403,external/852-aioriginal.xlsx,40801,2.47105836024275e-05,0.9999992251396179,139.52957734841698,144.1585235595703,183.1443023681641,192.1039123535156,81.46730041503906,11.593137254901961,8.762254901960784,12.848039215686274,-17.607279987055353,4.813576771405317,0.2333949968592456,0.7558285593986511,1.237508773803711,1.4537213443164145,5.145769596099854,10.21438407897949,sample_weighted,False,122.403,True,122.40005979995479,40800,numpy_bruteforce_chunked,40801,0.5874933576049716,0.5629928296559196,1.209745981574204,2.929979455163452,10.46052792823705,20.00196073625646,31.22472488419402,42.6925810641896,54.39082375431975,66.70914928555672,78.54464351363937,85.15477561824466,89.7821131835004,92.9928188034607,94.7795397171638,96.48783118060832,97.94367785103306,0.632894653063548,1.226308952547112,2.935518254000523,,,,1.565142717662393,1.601884746762939,1.633993603135966,XZ,nearest_sampled_reference_point,40801,sample_weighted,unavailable_no_s_norm,legacy_raw_yaw_minus_atan2_dz_dx_unverified
external/853-aioriginal.xlsx,85-ai,853,85,AI-only,45917,40810,1,1469,42278,True,True,True,122.428,external/853-aioriginal.xlsx,40810,1.261449324374553e-05,0.9999677538871765,139.55323332450286,144.1486968994141,183.19899749755857,192.0939178466797,81.37760925292969,11.333284324536255,9.034771741527605,12.859908353549462,-21.739900336022693,5.128299144818352,0.23242585912338395,0.7559281975030898,1.313617825508118,1.44394015720042,5.0617792129516594,10.08815097808838,sample_weighted,False,122.428,True,122.42669729999035,40809,numpy_bruteforce_chunked,40810,0.5642703928095604,0.5577454465247517,1.118130887113841,2.929346041186014,10.73756432246998,20.26709139916687,30.77186963979417,42.4724332271502,55.75104141141877,71.2815486400392,84.77824062729724,90.44841950502328,93.64126439598137,94.74638568978192,95.98627787307032,96.96642979661848,97.95148247978437,0.6104229463703775,1.136654968779216,2.937357688031652,,,,1.565072105542445,1.601940048602114,1.631732543871061,XZ,nearest_sampled_reference_point,40810,sample_weighted,unavailable_no_s_norm,legacy_raw_yaw_minus_atan2_dz_dx_unverified
external/854-aioriginal.xlsx,85-ai,854,85,AI-only,43462,40803,1,731,41533,True,True,True,122.407,external/854-aioriginal.xlsx,40803,5.356839665182633e-06,0.9999819993972778,139.55451626671655,144.1784820556641,183.1767852783203,192.0972442626953,81.38583374023438,11.369540708788785,8.989755404146855,12.952796431547473,-18.71717759325658,4.572842068885374,0.23267100724649978,0.7605941772460938,1.25941276550293,1.4447991690861306,5.099132633209229,10.21741199493408,sample_weighted,False,122.407,True,122.40645060001407,40802,numpy_bruteforce_chunked,40803,0.6035011465057903,0.599019847759915,1.125079908854807,2.930383393548576,8.36948263608068,17.1556013038257,27.03967845501557,38.13200009803201,50.10660980810234,63.85069725265299,77.47714628826313,85.11383966865182,90.57912408401343,94.30434036712987,96.51496213513711,97.77712423106144,98.83096831115358,0.6462167540281368,1.142974922812551,2.938380014046531,,,,1.564916601516574,1.601430675843072,1.631138646068241,XZ,nearest_sampled_reference_point,40803,sample_weighted,unavailable_no_s_norm,legacy_raw_yaw_minus_atan2_dz_dx_unverified
external/855-aioriginal.xlsx,85-ai,855,85,AI-only,47941,40814,1,1642,42455,True,True,True,122.443,external/855-aioriginal.xlsx,40814,2.125455648638308e-05,0.9999741315841675,139.52745124886806,144.14656829833984,183.11914978027346,192.0990753173828,81.46533203125,11.508587949917919,8.830519687354519,12.919902972092226,-22.027913317924536,4.710544030533252,0.23301528793881016,0.7649425119161606,1.304715514183044,1.451138399208615,5.118240594863892,10.30139636993408,sample_weighted,False,122.443,True,122.43881409999452,40813,numpy_bruteforce_chunked,40814,0.6115165941408025,0.5739467183985427,1.340350850293949,2.951343659801442,10.94722399176753,20.35821041799382,30.31312784828735,41.29465379526633,53.17293085705885,65.79115009555545,77.58367226931935,82.90292546675161,86.67124026069486,89.69471259861812,92.37026510511099,94.32547655216348,95.95236928504924,0.6566437614339002,1.356076219053628,2.956839730820333,,,,1.56507594807484,1.602057615500984,1.631240684047344,XZ,nearest_sampled_reference_point,40814,sample_weighted,unavailable_no_s_norm,legacy_raw_yaw_minus_atan2_dz_dx_unverified
external/8501-sharedoriginal.xlsx,85-shared,8501,85,optimizer-assisted,43955,36376,1,3273,39648,True,True,True,122.749,external/8501-sharedoriginal.xlsx,36376,4.333389370003715e-05,0.9999935030937195,139.1667615107345,143.8121109008789,181.7284088134766,190.1829376220703,81.4090347290039,11.576632302405498,8.984192439862543,18.380756013745707,-68.85874550534669,19.025720080765975,0.25345577006157444,0.8998051285743713,1.638380408287048,1.6674706693278982,7.19412636756897,12.12724781036377,sample_weighted,False,122.749,True,122.74647970000117,36375,numpy_bruteforce_chunked,36376,0.5938007406229762,0.5709808593831304,1.210074352344508,2.927393982163164,11.00725753243897,20.33483615570706,30.25346382230042,41.58786012755663,53.47481856168903,66.31570266109523,78.18066857268529,83.90697162964592,87.8051462502749,91.81328348361558,94.73279085111062,97.3004178579283,98.59522762260832,0.6388015323690975,1.22737940259686,2.932909820357463,,,,1.565142050335313,1.602055733714531,1.640656099610707,XZ,nearest_sampled_reference_point,36376,sample_weighted,unavailable_no_s_norm,legacy_raw_yaw_minus_atan2_dz_dx_unverified
external/8502-sharedoriginal.xlsx,85-shared,8502,85,optimizer-assisted,40318,36271,1,1400,37670,True,True,True,122.831,external/8502-sharedoriginal.xlsx,36271,3.846491745207459e-05,0.999965488910675,139.07061991910217,143.8881072998047,183.19568634033203,192.2275695800781,81.3997802734375,11.679073614557485,9.06810035842294,18.602150537634408,-30.280367163646833,12.53408790746741,0.25047197236307517,0.9003117978572845,1.320932507514954,1.625431838452159,7.147328853607178,11.6534595489502,sample_weighted,False,122.831,True,122.8274055000002,36270,numpy_bruteforce_chunked,36271,0.5284269248752249,0.5255564421854231,0.9836384217259079,2.870534459042958,11.38099307987097,21.84389732844421,34.02718425188167,46.59921149127403,60.0121309034766,74.74015053348406,87.76432962973175,92.64977530258332,95.35165834964572,97.12166744782334,98.29064541920542,99.42102506134377,99.86490584764688,0.5762897322103242,1.004727696569138,2.876157080041337,,,,1.565263437113911,1.60220207074972,1.645695553117177,XZ,nearest_sampled_reference_point,36271,sample_weighted,unavailable_no_s_norm,legacy_raw_yaw_minus_atan2_dz_dx_unverified
external/8503-sharedoriginal.xlsx,85-shared,8503,85,optimizer-assisted,46837,36330,1,2174,38503,True,True,True,122.609,external/8503-sharedoriginal.xlsx,36330,2.255959225294646e-05,0.9999977350234985,139.32952377399138,144.1143798828125,183.33675918579098,192.4373779296875,81.2661361694336,11.684879848055273,9.30936717223155,18.651765806931103,-41.268436831629096,13.799170561040189,0.24893944602925555,0.914424073696135,1.437853932380676,1.6065507201911071,7.098693776130672,11.79569816589355,sample_weighted,False,122.609,True,122.60353260000011,36329,numpy_bruteforce_chunked,36330,0.5102999712308968,0.5185180640761824,0.8744390326562207,2.936902867879748,10.97990641343242,21.55794109551335,33.87558491604734,47.3327828241123,62.92595650977154,77.63281034957336,90.7156619873383,96.0803743462703,98.03743462703001,99.00908340214698,99.51004679328379,99.8073217726397,99.92843380126617,0.5585818601294552,0.8977999937987771,2.94239316322661,,,,1.565080053565842,1.601960005296305,1.646951276317242,XZ,nearest_sampled_reference_point,36330,sample_weighted,unavailable_no_s_norm,legacy_raw_yaw_minus_atan2_dz_dx_unverified
external/8504-sharedoriginal.xlsx,85-shared,8504,85,optimizer-assisted,43986,36769,1,1998,38766,True,True,True,122.961,external/8504-sharedoriginal.xlsx,36769,1.314623750658939e-05,0.9999651908874512,138.97803393110317,144.0944976806641,180.47543640136718,188.3113098144531,81.39627838134766,11.499129677980854,9.062228024369016,18.646649260226283,-33.69871171229104,12.333924566430692,0.2549097763788711,0.9081355214118958,1.271941304206848,1.6633100044476368,7.2494555473327615,12.00522422790527,sample_weighted,False,122.961,True,122.9576775000005,36768,numpy_bruteforce_chunked,36769,0.598189460458611,0.5630034719319046,1.336086741625182,2.876570759468782,11.03919062253529,20.36226168783486,30.9255079006772,42.45696102695205,54.49699475101308,67.56234871766978,78.91430280943186,84.04090402241017,87.52481710136256,90.32337023035709,92.81187957246594,94.39473469498762,96.3801028039925,0.6434205228723661,1.351564328597778,2.884674397036394,,,,1.565023587836647,1.602487274958355,1.640291768565777,XZ,nearest_sampled_reference_point,36769,sample_weighted,unavailable_no_s_norm,legacy_raw_yaw_minus_atan2_dz_dx_unverified
external/8505-sharedoriginal.xlsx,85-shared,8505,85,optimizer-assisted,40762,36254,1,1516,37769,True,True,True,122.851,external/8505-sharedoriginal.xlsx,36254,3.06745532725472e-05,0.9999817609786987,139.03940599973632,144.15435028076172,182.0089164733887,189.4503173828125,81.36366271972656,11.601798471850605,9.014426392298569,18.172289189860148,-33.353616661761635,13.574910255314338,0.25610241483883395,0.9024734020233153,1.456212520599365,1.6797604581056074,7.281095147132872,11.4794864654541,sample_weighted,False,122.851,True,122.84185970000001,36253,numpy_bruteforce_chunked,36254,0.578311601773523,0.5623683626776541,1.13806930001078,2.947166790094649,10.76295029513985,19.98124344899873,30.53180338721245,42.16362332432283,54.76912892370497,67.647707839135,79.45330170463949,84.89270149500744,89.41358194957797,93.68345561869035,96.98791857450212,99.14492193964803,99.85380923484306,0.6237691294763861,1.156396843600051,2.955109917503238,,,,1.565103561297128,1.60147900924021,1.63946114569225,XZ,nearest_sampled_reference_point,36254,sample_weighted,unavailable_no_s_norm,legacy_raw_yaw_minus_atan2_dz_dx_unverified
external/8506-sharedoriginal.xlsx,85-shared,8506,85,optimizer-assisted,39391,36211,1,844,37054,True,True,True,123.018,external/8506-sharedoriginal.xlsx,36211,1.249704109795857e-05,0.9999651908874512,138.7960951179015,144.0666961669922,179.74415588378906,188.0790405273438,81.53740692138672,11.590720795360397,9.088649544324772,17.967412317039493,-34.20267576809792,17.497215436185396,0.25375837990110056,0.8848377168178558,1.227648615837097,1.6657346071924701,6.78016996383667,11.03300189971924,sample_weighted,False,123.018,True,123.01439920000026,36210,numpy_bruteforce_chunked,36211,0.5873338041639079,0.5731721719218271,1.232521134452387,2.936966059118527,10.51061832039988,19.33942724586452,29.52417773604706,40.65339261550358,53.59697329540747,67.58443566871945,80.40650631023722,86.68360442959322,90.17977962497584,92.53265582281627,94.34702162326364,96.5176327635249,98.75452210654221,0.6321888817734049,1.249050410711883,2.942445507359388,,,,1.564954259017326,1.601497065017355,1.642036366512616,XZ,nearest_sampled_reference_point,36211,sample_weighted,unavailable_no_s_norm,legacy_raw_yaw_minus_atan2_dz_dx_unverified
external/8507-sharedoriginal.xlsx,85-shared,8507,85,optimizer-assisted,41508,36008,1,1129,37136,True,True,True,122.617,external/8507-sharedoriginal.xlsx,36008,1.217244243889581e-05,0.9999645948410034,139.45639837532408,144.22852325439456,182.6419822692871,190.0870513916016,81.52564239501953,11.656066875885244,9.137112228177854,18.16591218374205,-30.904123206895626,9.403376716941285,0.2543191244254193,0.899262583255768,1.408639311790466,1.6713928152262667,6.985505104064941,13.10313034057617,sample_weighted,False,122.617,True,122.61226660000015,36007,numpy_bruteforce_chunked,36008,0.5861939966835661,0.5807600706974456,1.091442678390703,2.965842095978787,9.508998000444345,18.34314596756276,28.76027549433459,40.07442790491002,52.49666740724284,65.59931126416352,78.8741390802044,86.39469006887359,91.79349033548101,95.21495223283715,97.29504554543435,98.664185736503,99.54454565652078,0.6301795677603556,1.110682140656744,2.971276211885267,,,,1.565203965285397,1.602164090562616,1.635837329300331,XZ,nearest_sampled_reference_point,36008,sample_weighted,unavailable_no_s_norm,legacy_raw_yaw_minus_atan2_dz_dx_unverified
external/901-aioriginal.xlsx,90-ai,901,90,AI-only,40820,39006,1,553,39558,True,True,True,117.018,external/901-aioriginal.xlsx,39006,7.084852313710144e-06,0.9999831914901733,146.00830276360946,150.39422607421875,192.53001022338867,202.3168182373047,84.75135040283203,12.42917574669914,9.852583002179207,16.072298423279065,-25.76219112938519,4.697178471914211,0.2661852806958023,0.9363697469234467,1.291754603385925,1.6882594678518428,6.563086032867432,10.39663219451904,sample_weighted,False,117.018,True,117.0146801000228,39005,numpy_bruteforce_chunked,39006,0.5826676314646324,0.5601747787947737,1.176132652411698,2.928253690306961,11.74178331538738,21.08137209660052,31.50028200789622,42.97800338409476,54.54801825360202,66.72819566220582,78.94170127672666,84.87668563810696,88.9375993436907,93.04465979592884,95.45967287084038,97.29785161257243,98.44382915448905,0.6292227573239101,1.19416681973505,2.933791812301464,,,,1.563592169870836,1.606291180978869,1.646897870555523,XZ,nearest_sampled_reference_point,39006,sample_weighted,unavailable_no_s_norm,legacy_raw_yaw_minus_atan2_dz_dx_unverified
external/902-aioriginal.xlsx,90-ai,902,90,AI-only,41169,39009,1,1000,40008,True,True,True,117.027,external/902-aioriginal.xlsx,39009,1.710732612991706e-05,0.9999919533729553,146.0205422422722,150.3466033935547,192.5296936035156,202.2670135498047,84.76329803466797,12.538453650533224,9.782608695652174,16.10951599671862,-16.446932255129212,4.867053914658766,0.26637397939702473,0.9237642765045164,1.312376618385315,1.6910475146372486,6.53830633163452,10.39930248260498,sample_weighted,False,117.027,True,117.02389630000103,39008,numpy_bruteforce_chunked,39009,0.6206392398192109,0.5732456484615733,1.380423885638073,2.935646324113865,10.86928657489297,19.28785664846574,29.11379425260837,40.95208797969699,53.14927324463585,65.08754390012561,76.59514471019509,82.33484580481428,86.09038939731857,88.83334615088826,91.0148939988208,93.16311620395294,95.35491809582403,0.6658683965739556,1.39521449170773,2.943658494983183,,,,1.563733034628601,1.606268369501794,1.645979482188824,XZ,nearest_sampled_reference_point,39009,sample_weighted,unavailable_no_s_norm,legacy_raw_yaw_minus_atan2_dz_dx_unverified
external/903-aioriginal.xlsx,90-ai,903,90,AI-only,42019,39004,1,1431,40434,True,True,True,117.013,external/903-aioriginal.xlsx,39004,2.160015901608858e-05,0.9999952912330627,145.99903794731583,150.34380340576175,192.53869781494143,202.2578430175781,84.74586486816406,12.416993564597595,9.850524318642154,16.18080660462016,-16.9370821978686,4.887417775271089,0.2673903962450867,0.9392144381999966,1.31336522102356,1.7003435655405443,6.531285095214842,10.40279674530029,sample_weighted,False,117.013,True,117.00873569998662,39003,numpy_bruteforce_chunked,39004,0.6558631307324846,0.6129445087117585,1.34194684077895,2.920166710109891,9.775920418418623,17.78022766895703,26.87673059173418,37.48077120295355,48.55399446210644,60.43482719721054,71.33883704235463,76.8690390729156,81.16603425289713,85.12460260486104,88.92421290124089,93.30325094862066,96.90800943492975,0.698716360252331,1.357290582313785,2.925731961510629,,,,1.563806170744271,1.606202395936389,1.646332818523052,XZ,nearest_sampled_reference_point,39004,sample_weighted,unavailable_no_s_norm,legacy_raw_yaw_minus_atan2_dz_dx_unverified
external/904-aioriginal.xlsx,90-ai,904,90,AI-only,40748,39015,1,487,39501,True,True,True,117.047,external/904-aioriginal.xlsx,39015,2.125455648638308e-05,0.9999952912330627,145.9929468661627,150.3192749023438,192.51329498291017,202.2475128173828,84.73845672607422,12.45706669400728,9.84005741528682,16.119854411236993,-21.524276239119107,5.65627246272323,0.2666324658969388,0.9386163413524627,1.329365611076355,1.6926989202507978,6.528855037689206,10.40121555328369,sample_weighted,False,117.047,True,117.04221270000563,39014,numpy_bruteforce_chunked,39015,0.6034452669135321,0.5586536998475932,1.293866004408274,2.926593542750837,10.89324618736383,20.07433038574907,30.73945918236576,42.61950531846725,55.12238882481098,67.21773676790977,78.12379853902345,82.3119313084711,85.28258362168397,88.81199538638985,92.55927207484301,95.16339869281045,97.02165833653723,0.6493411896004295,1.310008702861192,2.934631192402902,,,,1.563768638770844,1.605520677826786,1.6457236642262,XZ,nearest_sampled_reference_point,39015,sample_weighted,unavailable_no_s_norm,legacy_raw_yaw_minus_atan2_dz_dx_unverified
external/905-aioriginal.xlsx,90-ai,905,90,AI-only,40855,39020,1,946,39965,True,True,True,117.058,external/905-aioriginal.xlsx,39020,2.609299372124951e-05,0.9999765157699585,145.97587919875573,150.3059158325195,192.5038818359375,202.28662109375,84.72482299804688,12.483661805786925,9.733719470001793,16.33050565109306,-17.772404243680644,5.680952970194081,0.2664246758895536,0.929253503680229,1.34032678604126,1.689761242687953,6.626433587074278,10.39699840545654,sample_weighted,False,117.058,True,117.05673070001644,39019,numpy_bruteforce_chunked,39020,0.6167093305925981,0.5629472908730411,1.447696695368677,2.94722406815068,11.34802665299846,20.04356740133265,30.4356740133265,42.06560738083034,54.70015376729882,67.03229113275243,77.93951819579704,83.33675038441825,86.70425422860072,89.22603792926705,91.02255253716042,92.39364428498206,93.9876986160943,0.662617767731087,1.462146627596474,2.955213764690307,,,,1.563734070235007,1.60662605227234,1.64756097985862,XZ,nearest_sampled_reference_point,39020,sample_weighted,unavailable_no_s_norm,legacy_raw_yaw_minus_atan2_dz_dx_unverified
external/9001-sharedoriginal.xlsx,90-shared,9001,90,optimizer-assisted,38929,34819,1,1484,36302,True,True,True,117.973,external/9001-sharedoriginal.xlsx,34819,2.028740345849656e-05,0.9999947547912598,144.81814347555863,149.5657806396484,189.56891632080078,198.3018646240234,83.83208465576172,12.677350795565513,9.917284163363778,22.789936239875928,-40.20944599608351,14.443355064528932,0.2823708759591061,0.9945581972599028,2.102142095565796,1.856306699600655,8.24464225769043,18.67051124572754,sample_weighted,False,117.973,True,117.97512790000106,34818,numpy_bruteforce_chunked,34819,0.5949896251818236,0.56540605415429,1.313342730268609,2.940592783595857,11.69763634797093,20.48019759326804,30.29667710158247,41.80476176800023,54.45015652373704,68.02320572101439,80.11717740314197,85.51365633705736,89.08354633964215,91.39263046038083,93.25655532898705,94.78445676211264,96.20035038341136,0.6414241875549153,1.329222349810975,2.94607018100128,,,,1.56375128651894,1.60606282342896,1.654107715622169,XZ,nearest_sampled_reference_point,34819,sample_weighted,unavailable_no_s_norm,legacy_raw_yaw_minus_atan2_dz_dx_unverified
external/9002-sharedoriginal.xlsx,90-shared,9002,90,optimizer-assisted,40540,34993,1,3320,38312,True,True,True,118.17,external/9002-sharedoriginal.xlsx,34993,2.450718420732301e-05,0.9999986290931702,144.59721347367443,148.85498046875,188.15509643554694,199.4534759521484,83.7613525390625,12.902949245541839,10.08230452674897,23.030978509373572,-41.32198348623687,14.15234847794126,0.28686307462172084,0.9924256563186646,2.02380108833313,1.8973391595066684,8.363148498535157,18.20889663696289,sample_weighted,False,118.17,True,118.16944719999992,34992,numpy_bruteforce_chunked,34993,0.6312338443863827,0.5888262354163643,1.360667482885053,2.894407594054102,10.60497813848484,19.15811733775326,29.2115565970337,40.17946446432143,51.33026605321064,63.14405738290515,74.52633383819621,80.55896893664448,85.43422970308347,88.73488983510988,91.52973451833223,93.74446317834996,95.65055868316522,0.6757896073639649,1.376323723995409,2.90001544920166,,,,1.563641397248939,1.606321704183211,1.663015672955801,XZ,nearest_sampled_reference_point,34993,sample_weighted,unavailable_no_s_norm,legacy_raw_yaw_minus_atan2_dz_dx_unverified
external/9003-sharedoriginal.xlsx,90-shared,9003,90,optimizer-assisted,39118,34822,1,1449,36270,True,True,True,118.036,external/9003-sharedoriginal.xlsx,34822,4.657988029066473e-05,0.9999950528144836,144.756024341431,149.7707290649414,189.4879325866699,198.1309967041016,84.04418182373047,12.544154389592489,9.867608626977974,22.403147525918268,-33.40421299753822,10.256936489706357,0.2873346418196853,0.9937218219041822,1.776339411735535,1.9147569513693512,8.136781692504883,15.64956855773926,sample_weighted,False,118.036,True,118.03196020000182,34821,numpy_bruteforce_chunked,34822,0.6459636376237008,0.6235198720560395,1.362297665350587,2.966540891511203,9.28148871403136,17.24197346505083,26.45166848544024,36.39653092872322,47.11389351559359,59.71225087588306,72.13830337143186,79.78289587042674,85.43736718166677,89.67032335879617,92.14576991557063,94.08419964390328,95.62632818333238,0.6884331822855198,1.377548704464085,2.974446164468942,,,,1.563467568966042,1.606399243956288,1.652793485179546,XZ,nearest_sampled_reference_point,34822,sample_weighted,unavailable_no_s_norm,legacy_raw_yaw_minus_atan2_dz_dx_unverified
external/9004-sharedoriginal.xlsx,90-shared,9004,90,optimizer-assisted,38716,34785,1,1084,35868,True,True,True,117.665,external/9004-sharedoriginal.xlsx,34785,4.073710806551389e-05,0.9999896287918091,145.17792881632118,149.4004364013672,190.5786743164062,201.4584045410156,83.68150329589844,12.939857405703773,10.085096596136154,22.797838086476542,-54.37541190808991,13.176151434214779,0.2824776802764592,0.9876419186592101,1.77697229385376,1.8588211682351228,8.228965568542469,14.83829593658447,sample_weighted,False,117.665,True,117.65795749999963,34784,numpy_bruteforce_chunked,34785,0.5502753774660218,0.5332672755862118,1.063793214518947,2.968542307722684,12.05117148196062,22.04973408078195,33.6869340232859,45.96521489147622,58.37573666810408,71.4215897657036,83.42101480523215,88.78827080638206,92.78137128072444,95.84878539600402,97.5219203679747,98.27799338795458,98.59997125197643,0.598548618443719,1.083661148690966,2.976451602700474,,,,1.563737399440858,1.605729336954804,1.649519044414166,XZ,nearest_sampled_reference_point,34785,sample_weighted,unavailable_no_s_norm,legacy_raw_yaw_minus_atan2_dz_dx_unverified
external/9005-sharedoriginal.xlsx,90-shared,9005,90,optimizer-assisted,37599,34904,1,800,35703,True,True,True,117.831,external/9005-sharedoriginal.xlsx,34904,1.574302586959675e-05,0.9999908208847046,144.9807686325937,149.10598754882812,190.93420715332027,199.9229431152344,83.76585388183594,13.01320803369338,10.168180385640204,23.11549150502822,-52.53725137735019,15.999229118401558,0.28331240879884273,0.993205451965332,1.88711416721344,1.866887364134103,8.335763168334957,17.13297462463379,sample_weighted,False,117.831,True,117.82866999999895,34903,numpy_bruteforce_chunked,34904,0.5624042779351336,0.5582323581662909,1.020898028792062,2.947335876625521,10.75807930323172,19.77710291084117,30.75292230116892,42.84036213614485,55.22576209030483,69.06944762777904,82.69539307815722,89.72324088929635,94.17831767132708,96.8800137520055,98.03747421498969,98.45003438001375,98.67063946825579,0.6088157171516277,1.04096722300449,2.955266282904016,,,,1.563924419696011,1.604685155895453,1.660389678534039,XZ,nearest_sampled_reference_point,34904,sample_weighted,unavailable_no_s_norm,legacy_raw_yaw_minus_atan2_dz_dx_unverified
external/9006-sharedoriginal.xlsx,90-shared,9006,90,optimizer-assisted,38679,34604,1,1267,35870,True,True,True,117.765,external/9006-sharedoriginal.xlsx,34604,1.444463123334572e-05,0.999989926815033,145.20029722964912,150.19525146484375,190.90930328369143,201.3662872314453,83.68511199951172,12.680981417796144,10.004912868826404,22.376672542843107,-49.54949136057335,10.911605451210763,0.28550678947789987,0.9872886657714843,1.649621486663818,1.8905871372095773,8.20531940460205,14.77249717712402,sample_weighted,False,117.765,True,117.76169529999973,34603,numpy_bruteforce_chunked,34604,0.5942183233390704,0.5817588038711261,1.183723766060453,2.934166251213508,11.0131776673217,19.52953415790082,29.69887874234193,40.52421685354295,52.32054097792162,65.27569067159867,77.44769390821871,84.47000346780719,89.81042654028435,93.17708935383193,95.41093515200555,97.29800023118715,98.44237660386082,0.6396242963437077,1.200789777296401,2.942151942786994,,,,1.563828875026674,1.607098890283805,1.651354629054668,XZ,nearest_sampled_reference_point,34604,sample_weighted,unavailable_no_s_norm,legacy_raw_yaw_minus_atan2_dz_dx_unverified
external/9007-sharedoriginal.xlsx,90-shared,9007,90,optimizer-assisted,42105,34632,1,1337,35968,True,True,True,117.819,external/9007-sharedoriginal.xlsx,34632,1.412003257428296e-05,0.9999889731407166,145.01660666682753,149.61890411376956,189.2537582397461,197.3740539550781,83.8266830444336,12.8035575062805,10.005486413906615,22.450983223123792,-31.7176004303612,8.523117518122332,0.28344153405946904,0.9775720447301857,1.762892127037048,1.8675297929084027,8.131102132797235,14.66581439971924,sample_weighted,False,117.819,True,117.81199020000078,34631,numpy_bruteforce_chunked,34632,0.5767166465849388,0.5544221936748155,1.220491030468164,2.936204710845235,11.12554862554863,20.44352044352044,31.07819357819358,43.2952182952183,55.71436821436821,69.31739431739432,81.5026565026565,87.12462462462463,91.10937860937861,93.28366828366829,94.76495726495726,96.0874335874336,97.81416031416032,0.6231424926232824,1.237835565703798,2.944175017704822,,,,1.563679558178635,1.605217297615013,1.650941449657085,XZ,nearest_sampled_reference_point,34632,sample_weighted,unavailable_no_s_norm,legacy_raw_yaw_minus_atan2_dz_dx_unverified
external/951-aioriginal.xlsx,95-ai,951,95,AI-only,41366,38420,1,2071,40490,True,True,True,115.262,external/951-aioriginal.xlsx,38420,2.3673776013311e-05,0.9999741315841675,148.2830250866645,153.13955688476562,194.34760589599605,203.2428283691406,86.00717163085938,14.490226190166325,9.568182409745178,16.067570733230955,-38.11793338890717,5.2929408594586445,0.290171040955938,1.0779195070266723,1.568731546401978,1.9304968915908178,10.193210506439211,10.40417003631592,sample_weighted,False,115.262,True,115.25693889998365,38419,numpy_bruteforce_chunked,38420,0.6784465615164478,0.6366359549625848,1.233345841267575,2.927090149351706,6.756897449245185,14.02915148360229,23.24570536179073,33.77407600208225,45.53617907339927,57.82404997397189,70.32535137948986,77.37636647579386,83.5059864653826,89.30504945340968,93.93024466423738,96.40291514836022,97.34773555439875,0.7182053931855145,1.249247711627115,2.93512837086981,,,,1.561979941132635,1.60709868912837,1.652472989614972,XZ,nearest_sampled_reference_point,38420,sample_weighted,unavailable_no_s_norm,legacy_raw_yaw_minus_atan2_dz_dx_unverified
external/952-aioriginal.xlsx,95-ai,952,95,AI-only,49080,38420,1,280,38699,True,True,True,115.263,external/952-aioriginal.xlsx,38420,4.09539024985861e-05,0.9999895691871643,148.28816254162527,153.12114715576172,194.38049240112304,203.2245635986328,86.72702026367188,14.664619068689971,9.531742106770087,16.114422551341782,-17.188747935415986,4.230364082749072,0.29077900252239125,1.0783509850502018,1.602105975151062,1.935829432332149,10.199486112594602,10.40582466125488,sample_weighted,False,115.263,True,115.2570370000321,38419,numpy_bruteforce_chunked,38420,0.7323209751314083,0.6603311905153622,1.44379742831942,2.961673749930376,5.58042686100989,12.49089016137428,21.47839666840187,31.3430504945341,42.4934929724102,54.54971369078605,65.9552316501822,72.59239979177512,77.80583029672046,82.3945861530453,86.63196251952108,90.90317542946383,93.95106715252473,0.7699152921133237,1.458433091258225,2.969635725927987,,,,1.56198440366361,1.607152290309933,1.650652084369357,XZ,nearest_sampled_reference_point,38420,sample_weighted,unavailable_no_s_norm,legacy_raw_yaw_minus_atan2_dz_dx_unverified
external/953-aioriginal.xlsx,95-ai,953,95,AI-only,40223,38421,1,555,38975,True,True,True,115.265,external/953-aioriginal.xlsx,38421,3.974429546360625e-06,0.9999810457229614,148.3004383100959,153.1179351806641,194.3312225341797,203.2340087890625,85.03453826904297,14.521082769390942,9.703279541905257,16.44195731389901,-17.53865596534138,5.135544396348826,0.29085474565078306,1.079302072525024,1.660147666931152,1.9396549347750642,10.20473289489746,10.38168239593506,sample_weighted,False,115.265,True,115.26009899994828,38420,numpy_bruteforce_chunked,38421,0.6795796747856262,0.6422379863352448,1.319720212432946,2.968906747542877,6.829598396710132,13.81536139090601,22.99523697977668,33.15634678951615,44.55375966268447,57.55185966008172,70.43023346607325,78.50134041279509,84.80778740792796,90.01847947736916,93.01683974909555,94.80232164701596,95.77574763801047,0.7192162232049231,1.335171709758839,2.976852713540873,,,,1.561989430077211,1.605928257334286,1.649299774188693,XZ,nearest_sampled_reference_point,38421,sample_weighted,unavailable_no_s_norm,legacy_raw_yaw_minus_atan2_dz_dx_unverified
external/954-aioriginal.xlsx,95-ai,954,95,AI-only,40389,38440,1,279,38718,True,True,True,115.322,external/954-aioriginal.xlsx,38440,1.710732612991706e-05,0.9999683499336243,148.23800866427703,152.80926513671875,194.35221786499022,203.2111511230469,85.69332885742188,14.552928015817269,9.654257394833373,16.210099118083196,-17.02788965428384,5.484266105287937,0.28983289902616804,1.0781531631946562,1.579754114151001,1.9267285406251506,10.199414110183715,10.38111019134521,sample_weighted,False,115.322,True,115.31710059999025,38439,numpy_bruteforce_chunked,38440,0.6775286926727216,0.6224374181049891,1.359840192121808,2.925074458576675,7.676899063475546,15.53590010405827,24.50832466181061,34.81789802289282,47.2060353798127,60.0312174817898,72.18522372528616,78.44953173777314,82.99167533818938,87.0057232049948,90.85848074921957,93.8111342351717,95.63735691987513,0.718328255037264,1.375661761965877,2.930656413590236,,,,1.561953410355241,1.605731590994981,1.64981778289378,XZ,nearest_sampled_reference_point,38440,sample_weighted,unavailable_no_s_norm,legacy_raw_yaw_minus_atan2_dz_dx_unverified
external/955-aioriginal.xlsx,95-ai,955,95,AI-only,39842,38387,1,276,38662,True,True,True,115.161,external/955-aioriginal.xlsx,38387,2.40193785430165e-05,0.9999980330467224,148.43832064038887,153.2053985595703,194.38194732666014,203.2544860839844,85.4281997680664,14.578231646954617,9.675402490491326,16.302818735997498,-16.920812185257905,4.28099728378935,0.28808542187632874,1.0767848253250123,1.648269891738892,1.9108661574445236,10.187831020355224,10.39914798736572,sample_weighted,False,115.161,True,115.15846930001862,38386,numpy_bruteforce_chunked,38387,0.6916359319075254,0.6548496891307399,1.386686280920139,2.91845012188623,6.806991950399875,13.56709302628494,22.22366947143564,31.98739156485269,43.3427983431891,55.72980436085133,68.72118165003778,77.62784275926747,83.7601271263709,88.61593768723786,91.50233151848282,93.4561179565999,95.22234089665773,0.7308866350055114,1.402033497600416,2.926500544159791,,,,1.561799954289537,1.606973857603114,1.646753388896587,XZ,nearest_sampled_reference_point,38387,sample_weighted,unavailable_no_s_norm,legacy_raw_yaw_minus_atan2_dz_dx_unverified
external/9501-sharedoriginal.xlsx,95-shared,9501,95,optimizer-assisted,38358,34604,1,2033,36636,True,True,True,117.035,external/9501-sharedoriginal.xlsx,34604,4.106170672457665e-05,0.999989926815033,146.1298447385053,151.3439865112305,190.59716186523434,198.5707702636719,81.41496276855469,14.423604889749445,10.513539288500997,23.223419934687744,-44.499974368539306,17.138509986805023,0.3033256177930046,1.0731213748455042,2.806533813476562,2.0684782014917196,10.168039083480833,24.95730400085449,sample_weighted,False,117.035,True,117.03236050000032,34603,numpy_bruteforce_chunked,34604,0.7142227998265879,0.6484085096086383,1.461572483105397,3.616003176658493,6.458790891226447,13.38284591376719,22.56386544908103,32.81123569529534,44.12784649173506,56.45590105190151,69.46595769275228,77.16737949370015,82.78522714137094,87.29915616691713,90.31903826147266,92.35926482487574,93.8648711131661,0.7532354874838236,1.476056798216717,3.621758882801843,,,,1.562200129419925,1.606475194308716,1.648884850993755,XZ,nearest_sampled_reference_point,34604,sample_weighted,unavailable_no_s_norm,legacy_raw_yaw_minus_atan2_dz_dx_unverified
external/9502-sharedoriginal.xlsx,95-shared,9502,95,optimizer-assisted,38738,34662,1,1366,36027,True,True,True,116.903,external/9502-sharedoriginal.xlsx,34662,2.515638152544852e-05,0.9999992251396179,146.27797729041404,151.41253662109375,189.75610961914057,200.3578796386719,81.61253356933594,14.185972707077118,10.36034736447304,23.285537058942328,-39.63204353633431,11.236775006312332,0.3015972568201151,1.071242290735245,2.322164535522461,2.0610158840273294,10.152414083480839,20.64834403991699,sample_weighted,False,116.903,True,116.89981410000019,34661,numpy_bruteforce_chunked,34662,0.6655913049154093,0.6170742563396105,1.217989394091247,3.202471450054675,8.314580808955052,16.43298136287577,25.28417286942473,36.11736195257053,47.78720212336276,60.32831342680745,71.85101840632393,78.59904217875483,84.40655472852114,89.99192198949859,94.4377127690266,96.76014078818302,97.52755178581732,0.7071931277688664,1.236016108325754,3.208197884054141,,,,1.562215858125111,1.605897469800886,1.664685464917197,XZ,nearest_sampled_reference_point,34662,sample_weighted,unavailable_no_s_norm,legacy_raw_yaw_minus_atan2_dz_dx_unverified
external/9503-sharedoriginal.xlsx,95-shared,9503,95,optimizer-assisted,38838,34575,1,618,35192,True,True,True,116.897,external/9503-sharedoriginal.xlsx,34575,2.645477434271015e-05,0.999976634979248,146.26602074678962,151.1805725097656,191.68926849365232,202.4356536865234,81.99761199951172,14.586105165731475,10.39220223289177,24.107710996702725,-38.565128027540865,12.245112305730698,0.29834522264691354,1.0733064770698548,2.676821231842041,2.0287709292185125,10.17416858673096,24.47256278991699,sample_weighted,False,116.897,True,116.88970400000012,34574,numpy_bruteforce_chunked,34575,0.6474989050636093,0.600931994490914,1.216231270500625,3.185003545414872,7.61822125813449,15.43311641359364,25.69486623282718,37.56760665220535,49.83658712942878,63.69920462762111,75.73969631236443,82.50469992769342,87.3116413593637,91.70209689081706,94.6174981923355,96.63340563991324,97.4172089660159,0.6893227009303609,1.233045595211467,3.192148054172918,,,,1.562395540797882,1.606247002657895,1.66427929142504,XZ,nearest_sampled_reference_point,34575,sample_weighted,unavailable_no_s_norm,legacy_raw_yaw_minus_atan2_dz_dx_unverified
external/9504-sharedoriginal.xlsx,95-shared,9504,95,optimizer-assisted,38248,34379,1,2015,36393,True,True,True,116.562,external/9504-sharedoriginal.xlsx,34379,1.704141868685838e-05,0.9999914169311523,146.66692740300198,151.5714874267578,192.45172119140622,200.4259033203125,79.58805084228516,14.183489440921521,10.588166850893014,23.375414509279192,-38.00357236983824,11.843730224022803,0.3011730908819925,1.0721440911293028,2.72217583656311,2.044419010337861,10.160979461669918,24.05134773254395,sample_weighted,False,116.562,True,116.55963000000068,34378,numpy_bruteforce_chunked,34379,0.6662428754528997,0.6273620791583275,1.294924838677469,2.933073641863388,7.533668809447628,15.70435440239681,24.89892085284621,35.30934582157712,46.74365164780826,59.070944471916,71.7560138456616,79.27223014049274,85.28171267343436,89.441228657029,93.07426044969313,95.09875214520493,96.21862183309578,0.7070546912553844,1.311587944037106,2.938607446819622,,,,1.562398626458634,1.606943500022474,1.650131855029757,XZ,nearest_sampled_reference_point,34379,sample_weighted,unavailable_no_s_norm,legacy_raw_yaw_minus_atan2_dz_dx_unverified
external/9505-sharedoriginal.xlsx,95-shared,9505,95,optimizer-assisted,38728,34606,1,1599,36204,True,True,True,117.018,external/9505-sharedoriginal.xlsx,34606,3.619272683863528e-05,0.9999850988388062,146.00878058982875,151.43354797363287,189.33087921142578,197.6374359130859,84.5751953125,14.503684438664932,10.414679959543419,23.742233781245485,-32.07450781258756,10.339509282109212,0.2991909385163005,1.0736354887485502,3.083599805831909,2.035624934064876,10.178397655487057,27.31908226013184,sample_weighted,False,117.018,True,117.00902150000005,34605,numpy_bruteforce_chunked,34606,0.658067777737947,0.6045685760025419,1.30394489871864,3.275549608216825,8.518753973299429,16.49424955210079,26.06773391897359,37.33456626018609,49.5174247240363,61.74940761717621,74.80205744668554,81.71993295960237,86.11801421718776,89.74455296769347,92.3076923076923,94.86505230306884,96.82713980234642,0.7002531435153778,1.321159029926022,3.282764278199697,,,,1.562322111304978,1.605279205575246,1.660202880467852,XZ,nearest_sampled_reference_point,34606,sample_weighted,unavailable_no_s_norm,legacy_raw_yaw_minus_atan2_dz_dx_unverified
external/9506-sharedoriginal.xlsx,95-shared,9506,95,optimizer-assisted,40130,34407,1,1027,35433,True,True,True,116.826,external/9506-sharedoriginal.xlsx,34407,1.541842721053399e-05,0.9999905228614807,146.34441418749904,151.2391510009766,191.04122314453127,202.2525482177734,81.82719421386719,14.59629134453293,10.501075393826659,23.896994710224963,-41.46987854949723,107.43642145838368,0.3009688549243593,1.0734776854515076,2.664988279342651,2.0537804459813045,10.174015235900878,22.96702194213867,sample_weighted,False,116.826,True,116.82239979999987,34406,numpy_bruteforce_chunked,34407,0.6490008935739019,0.6020952919001236,1.257720951922693,3.210680071180506,7.021826953817537,14.73246723050542,24.58511349434708,36.10893132211469,49.7108146598076,64.34446478914174,77.28950504257854,84.40142994158165,88.67962914523207,91.4842909872991,93.95181213125237,95.66948586043537,96.9657337169762,0.6902140718167663,1.275396548170775,3.218063084658528,,,,1.562212047788769,1.605990222388713,1.65899831989794,XZ,nearest_sampled_reference_point,34407,sample_weighted,unavailable_no_s_norm,legacy_raw_yaw_minus_atan2_dz_dx_unverified
external/9507-sharedoriginal.xlsx,95-shared,9507,95,optimizer-assisted,38292,34205,1,1687,35891,True,True,True,116.675,external/9507-sharedoriginal.xlsx,34205,1.62299230055396e-07,0.999976634979248,146.48945737564674,151.6752319335938,189.75703125000004,198.0289916992188,85.18017578125,14.229329902935328,10.112852297976845,23.222430125131563,-37.31780386416269,13.22499095379514,0.2979769674008289,1.068140983581543,2.504144906997681,2.0326767688428067,10.090082550048825,22.29948425292969,sample_weighted,False,116.675,True,116.66892539999985,34204,numpy_bruteforce_chunked,34205,0.629680474630613,0.5826784291806709,1.239956489569459,3.161970398907051,9.302733518491449,18.31311211811139,28.40520391755591,40.00292354918871,52.15027042829996,65.5372021634264,77.80149101008624,83.82107878965064,87.98128928519222,91.57433123812308,94.14997807338108,96.08244408712177,97.21385762315451,0.6735874620825213,1.256611910221869,3.169350177981686,,,,1.56232996566851,1.606752692480989,1.657641387997641,XZ,nearest_sampled_reference_point,34205,sample_weighted,unavailable_no_s_norm,legacy_raw_yaw_minus_atan2_dz_dx_unverified
