config,setting,valid_rollouts,horizon_rows,ac_rows,distance_100_m,distance_500_m,max_raw_ac_position_jump_m
Barcelona + AE86,80,366,183000,52571,8.656303490585833,43.29772588643792,0.7633718868973138
Barcelona + AE86,85,353,176500,51277,9.205462316255941,45.97738163658448,0.814678842385967
Barcelona + AE86,90,443,221500,63755,9.459406528346284,47.35200560242927,0.85243949603585
Barcelona + AE86,95,311,155500,46002,9.557968541717777,47.85401277082556,0.964151833588482
Barcelona + AE86,100,307,153500,44045,10.065795080496112,50.34389469768863,0.7372435038848315
Barcelona + Supra,80,321,160500,46392,9.447949618253869,47.311094071718045,0.8433607675088407
Barcelona + Supra,85,321,160500,46419,10.043487923902822,50.24949852797546,1.0048100843473113
Barcelona + Supra,90,266,133000,39829,10.571340354251456,53.00450495367965,0.9425235520359496
Barcelona + Supra,95,266,133000,38808,10.815819876293935,54.06117841137206,1.0130098460991606
Barcelona + Supra,100,247,123500,39087,11.060678162212941,55.324899873344854,0.8379524199350893
Silverstone + AE86,80,277,138500,41205,10.896255579616989,54.39286979195622,0.8064878543320251
Silverstone + AE86,85,283,141500,42130,11.50068344314778,57.544937265048404,0.9432033379300973
Silverstone + AE86,90,251,125500,37649,12.270728642287104,61.20811721793031,0.8407029060606303
Silverstone + AE86,95,268,134000,39671,12.210306287633948,61.07248315299018,0.9950473638865416
Silverstone + AE86,100,242,121000,35980,12.37097291585056,61.943209525514305,0.8350438649366754
Silverstone + Supra,80,260,130000,37808,12.182080235355492,60.79983181852791,0.8062167859904397
Silverstone + Supra,85,237,118500,34945,12.867717917382096,64.1344850539616,0.9459400875316689
Silverstone + Supra,90,237,118500,34357,13.511698788240519,67.46612784278469,1.1579189334176483
Silverstone + Supra,95,238,119000,37725,13.646761464495052,68.32567206876307,1.086736589445215
Silverstone + Supra,100,224,112000,33760,14.02594007752555,69.95570998398064,10.517047678934553
