config,column,max_abs_difference
Barcelona + AE86,mean_pos3d_rmse_m,2.4424906541753444e-15
Barcelona + AE86,mean_pos3d_finalae_m,5.10702591327572e-15
Barcelona + AE86,mean_speedKmh_rmse,1.4210854715202004e-14
Barcelona + AE86,mean_attitude_mean_mae_deg,2.55351295663786e-15
Barcelona + AE86,mean_SlipAngle_mean_rmse,4.6629367034256575e-15
Barcelona + AE86,p95_pos3d_rmse_m,4.440892098500626e-16
Barcelona + AE86,p95_pos3d_finalae_m,8.881784197001252e-16
Barcelona + AE86,p95_speedKmh_rmse,3.552713678800501e-15
Barcelona + AE86,p95_attitude_mean_mae_deg,8.881784197001252e-16
Barcelona + AE86,p95_SlipAngle_mean_rmse,8.881784197001252e-16
Barcelona + Supra,mean_pos3d_rmse_m,3.1086244689504383e-15
Barcelona + Supra,mean_pos3d_finalae_m,5.773159728050814e-15
Barcelona + Supra,mean_speedKmh_rmse,1.687538997430238e-14
Barcelona + Supra,mean_attitude_mean_mae_deg,3.1086244689504383e-15
Barcelona + Supra,mean_SlipAngle_mean_rmse,4.440892098500626e-15
Barcelona + Supra,p95_pos3d_rmse_m,0.0
Barcelona + Supra,p95_pos3d_finalae_m,0.0
Barcelona + Supra,p95_speedKmh_rmse,0.0
Barcelona + Supra,p95_attitude_mean_mae_deg,0.0
Barcelona + Supra,p95_SlipAngle_mean_rmse,0.0
Silverstone + AE86,mean_pos3d_rmse_m,1.7763568394002505e-15
Silverstone + AE86,mean_pos3d_finalae_m,3.1086244689504383e-15
Silverstone + AE86,mean_speedKmh_rmse,9.325873406851315e-15
Silverstone + AE86,mean_attitude_mean_mae_deg,1.4432899320127035e-15
Silverstone + AE86,mean_SlipAngle_mean_rmse,3.1086244689504383e-15
Silverstone + AE86,p95_pos3d_rmse_m,0.0
Silverstone + AE86,p95_pos3d_finalae_m,0.0
Silverstone + AE86,p95_speedKmh_rmse,0.0
Silverstone + AE86,p95_attitude_mean_mae_deg,0.0
Silverstone + AE86,p95_SlipAngle_mean_rmse,0.0
