config,scope,statistic,metric,baseline,endpoint,scale,below_zero_steps,above_one_steps
Barcelona + AE86,pooled,mean,pos3d_rmse_m,0.24236387740703233,0.937970882635009,0.6956070052279767,147,0
Barcelona + AE86,pooled,mean,pos3d_finalae_m,0.24236387740703233,2.0467395394834766,1.8043756620764444,143,0
Barcelona + AE86,pooled,mean,speedKmh_rmse,0.019027504943336864,4.428340191554116,4.409312686610779,0,0
Barcelona + AE86,pooled,mean,attitude_mean_mae_deg,0.37016215160041294,1.23228792899623,0.8621257773958171,0,0
Barcelona + AE86,pooled,mean,SlipAngle_mean_rmse,0.7731688802356669,2.121222835402397,1.34805395516673,20,0
Barcelona + AE86,pooled,p95,pos3d_rmse_m,0.5495414293121974,2.9221246468044906,2.372583217492293,173,0
Barcelona + AE86,pooled,p95,pos3d_finalae_m,0.5495414293121974,6.855746173176566,6.3062047438643685,124,0
Barcelona + AE86,pooled,p95,speedKmh_rmse,0.06699721009112944,15.98388438823481,15.91688717814368,2,0
Barcelona + AE86,pooled,p95,attitude_mean_mae_deg,0.6531784611141834,3.8403258373935847,3.1871473762794014,14,0
Barcelona + AE86,pooled,p95,SlipAngle_mean_rmse,1.9314508007691191,6.638725617375982,4.707274816606863,73,0
Barcelona + AE86,balanced,mean,pos3d_rmse_m,0.24315124630374652,0.9442590607321291,0.7011078144283825,148,0
Barcelona + AE86,balanced,mean,pos3d_finalae_m,0.24315124630374652,2.0609015045626458,1.8177502582588994,145,0
Barcelona + AE86,balanced,mean,speedKmh_rmse,0.01912279088562474,4.42887127706015,4.409748486174525,0,0
Barcelona + AE86,balanced,mean,attitude_mean_mae_deg,0.3710247617752194,1.2482594924320367,0.8772347306568173,0,0
Barcelona + AE86,balanced,mean,SlipAngle_mean_rmse,0.7808730072403519,2.154716217201099,1.373843209960747,21,0
Barcelona + AE86,balanced,p95,pos3d_rmse_m,0.5535662106521262,2.9409150987867756,2.3873488881346496,158,0
Barcelona + AE86,balanced,p95,pos3d_finalae_m,0.5535662106521262,6.963805167832876,6.41023895718075,127,0
Barcelona + AE86,balanced,p95,speedKmh_rmse,0.0669952468464316,15.982903132880844,15.915907886034413,2,0
Barcelona + AE86,balanced,p95,attitude_mean_mae_deg,0.6618241833083641,3.9672365432395873,3.305412359931223,21,0
Barcelona + AE86,balanced,p95,SlipAngle_mean_rmse,1.966012826024098,6.75830165854337,4.792288832519272,75,0
Barcelona + AE86,80,mean,pos3d_rmse_m,0.2142883513326456,0.8322364428089409,0.6179480914762954,132,0
Barcelona + AE86,80,mean,pos3d_finalae_m,0.2142883513326456,1.7752197100830573,1.5609313587504117,131,0
Barcelona + AE86,80,mean,speedKmh_rmse,0.01746642267088342,4.148677408743816,4.131210986072932,0,0
Barcelona + AE86,80,mean,attitude_mean_mae_deg,0.3560493394683494,0.9401863507361947,0.5841370112678453,0,0
Barcelona + AE86,80,mean,SlipAngle_mean_rmse,0.655954246150534,1.3116161749998954,0.6556619288493614,0,0
Barcelona + AE86,80,p95,pos3d_rmse_m,0.42703237956695506,2.573599698657554,2.1465673190905985,4,0
Barcelona + AE86,80,p95,pos3d_finalae_m,0.42703237956695506,6.15947453228417,5.732442152717215,17,0
Barcelona + AE86,80,p95,speedKmh_rmse,0.06252433503738425,17.80464036224018,17.742116027202794,5,0
Barcelona + AE86,80,p95,attitude_mean_mae_deg,0.5899005017426199,2.4003386373344786,1.8104381355918586,2,0
Barcelona + AE86,80,p95,SlipAngle_mean_rmse,1.2422984969312552,3.2245669368653713,1.9822684399341162,0,0
Barcelona + AE86,85,mean,pos3d_rmse_m,0.23552259065944056,0.874479412045961,0.6389568213865204,147,0
Barcelona + AE86,85,mean,pos3d_finalae_m,0.23552259065944056,1.8809346431850418,1.6454120525256013,139,0
Barcelona + AE86,85,mean,speedKmh_rmse,0.018712737466063514,4.3665829995733825,4.347870262107319,0,0
Barcelona + AE86,85,mean,attitude_mean_mae_deg,0.3623270163295463,1.0206580881543457,0.6583310718247994,0,0
Barcelona + AE86,85,mean,SlipAngle_mean_rmse,0.6875962151450595,1.62997229356141,0.9423760784163505,7,0
Barcelona + AE86,85,p95,pos3d_rmse_m,0.5197493180718298,2.825405688728296,2.3056563706564663,108,0
Barcelona + AE86,85,p95,pos3d_finalae_m,0.5197493180718298,6.6541164119584195,6.13436709388659,71,0
Barcelona + AE86,85,p95,speedKmh_rmse,0.06208020802167743,17.143311225246777,17.0812310172251,1,0
Barcelona + AE86,85,p95,attitude_mean_mae_deg,0.617848589345268,2.5726497818133014,1.9548011924680333,1,0
Barcelona + AE86,85,p95,SlipAngle_mean_rmse,1.4401803238189426,4.243601426298735,2.8034211024797924,26,0
Barcelona + AE86,90,mean,pos3d_rmse_m,0.24758963221388122,0.9323371591174965,0.6847475269036153,145,0
Barcelona + AE86,90,mean,pos3d_finalae_m,0.24758963221388122,2.055791102034791,1.8082014698209097,140,0
Barcelona + AE86,90,mean,speedKmh_rmse,0.018752579958807646,4.562641590366073,4.543889010407265,0,0
Barcelona + AE86,90,mean,attitude_mean_mae_deg,0.36865731760917375,1.2430777006916391,0.8744203830824654,0,0
Barcelona + AE86,90,mean,SlipAngle_mean_rmse,0.7627753040132181,2.2456946121461887,1.4829193081329706,18,0
Barcelona + AE86,90,p95,pos3d_rmse_m,0.5533486870959063,2.65960172766082,2.106253040564914,162,0
Barcelona + AE86,90,p95,pos3d_finalae_m,0.5533486870959063,6.728542776751708,6.175194089655802,143,0
Barcelona + AE86,90,p95,speedKmh_rmse,0.06729603032514285,15.017570089025009,14.950274058699867,2,0
Barcelona + AE86,90,p95,attitude_mean_mae_deg,0.652131039670692,3.4594328425853758,2.807301802914684,7,0
Barcelona + AE86,90,p95,SlipAngle_mean_rmse,1.7955458887944409,6.757359101459503,4.961813212665062,66,0
Barcelona + AE86,95,mean,pos3d_rmse_m,0.2553242070542429,1.0061640366684794,0.7508398296142365,176,0
Barcelona + AE86,95,mean,pos3d_finalae_m,0.2553242070542429,2.2160061046951935,1.9606818976409506,147,0
Barcelona + AE86,95,mean,speedKmh_rmse,0.018454763571674263,4.4935223232369745,4.4750675596653,0,0
Barcelona + AE86,95,mean,attitude_mean_mae_deg,0.38856788728325253,1.4785896718788523,1.0900217845955997,0,0
Barcelona + AE86,95,mean,SlipAngle_mean_rmse,0.8830932350493451,2.627176632970275,1.7440833979209298,29,0
Barcelona + AE86,95,p95,pos3d_rmse_m,0.5559154026842981,2.935595568806698,2.3796801661224,209,0
Barcelona + AE86,95,p95,pos3d_finalae_m,0.5559154026842981,6.850485611507358,6.2945702088230595,116,0
Barcelona + AE86,95,p95,speedKmh_rmse,0.0550042139315465,15.24546771728695,15.190463503355403,0,0
Barcelona + AE86,95,p95,attitude_mean_mae_deg,0.6681482206473527,4.811851433768346,4.143703213120993,6,0
Barcelona + AE86,95,p95,SlipAngle_mean_rmse,2.4415539603431844,7.300568611640607,4.859014651297422,101,0
Barcelona + AE86,100,mean,pos3d_rmse_m,0.26303145025852315,1.0760782530197701,0.813046802761247,155,0
Barcelona + AE86,100,mean,pos3d_finalae_m,0.26303145025852315,2.3765559628151376,2.1135245125566144,145,0
Barcelona + AE86,100,mean,speedKmh_rmse,0.02222745076069503,4.572932063380522,4.5507046126198265,0,0
Barcelona + AE86,100,mean,attitude_mean_mae_deg,0.37952224818577657,1.5587856506991467,1.1792634025133701,17,0
Barcelona + AE86,100,mean,SlipAngle_mean_rmse,0.9149460358436028,2.9591213723277265,2.0441753364841238,40,0
Barcelona + AE86,100,p95,pos3d_rmse_m,0.5878517940505978,3.5437268562990765,2.9558750622484786,47,0
Barcelona + AE86,100,p95,pos3d_finalae_m,0.5878517940505978,8.184046728366825,7.596194934316227,71,0
Barcelona + AE86,100,p95,speedKmh_rmse,0.08046802022166155,14.139499183596474,14.059031163374812,2,0
Barcelona + AE86,100,p95,attitude_mean_mae_deg,0.7194417020478517,5.417769179747609,4.698327477699757,33,0
Barcelona + AE86,100,p95,SlipAngle_mean_rmse,2.5480149166548904,8.529765928389015,5.981751011734124,106,0
Barcelona + Supra,pooled,mean,pos3d_rmse_m,0.1258254200692664,1.5005323834510154,1.374706963381749,80,0
Barcelona + Supra,pooled,mean,pos3d_finalae_m,0.1258254200692664,3.364552869732151,3.2387274496628846,92,0
Barcelona + Supra,pooled,mean,speedKmh_rmse,0.025444051075363544,6.902033897468357,6.876589846392993,0,0
Barcelona + Supra,pooled,mean,attitude_mean_mae_deg,0.5373782481679763,1.4997235642963052,0.9623453161283289,76,0
Barcelona + Supra,pooled,mean,SlipAngle_mean_rmse,0.5628140966470591,2.232275005774296,1.669460909127237,9,0
Barcelona + Supra,pooled,p95,pos3d_rmse_m,0.2635745002565667,3.635949619396353,3.3723751191397864,117,0
Barcelona + Supra,pooled,p95,pos3d_finalae_m,0.2635745002565667,8.666765805343035,8.403191305086468,68,0
Barcelona + Supra,pooled,p95,speedKmh_rmse,0.0844090985255832,18.46805157854254,18.383642480016956,1,0
Barcelona + Supra,pooled,p95,attitude_mean_mae_deg,0.882297877036888,4.613510925379463,3.7312130483425747,44,0
Barcelona + Supra,pooled,p95,SlipAngle_mean_rmse,1.93597844678863,6.726177220354087,4.790198773565457,75,0
Barcelona + Supra,balanced,mean,pos3d_rmse_m,0.12645335398407972,1.5212775206588405,1.3948241666747607,81,0
Barcelona + Supra,balanced,mean,pos3d_finalae_m,0.12645335398407972,3.4140282399683195,3.28757488598424,92,0
Barcelona + Supra,balanced,mean,speedKmh_rmse,0.02566946315858489,6.950776459494881,6.925106996336296,0,0
Barcelona + Supra,balanced,mean,attitude_mean_mae_deg,0.5409105676324537,1.5299003100834796,0.9889897424510259,76,0
Barcelona + Supra,balanced,mean,SlipAngle_mean_rmse,0.5758916591429117,2.307733634802865,1.7318419756599535,10,0
Barcelona + Supra,balanced,p95,pos3d_rmse_m,0.2657248481110478,3.691983553485557,3.4262587053745093,115,0
Barcelona + Supra,balanced,p95,pos3d_finalae_m,0.2657248481110478,8.709671784140768,8.44394693602972,68,0
Barcelona + Supra,balanced,p95,speedKmh_rmse,0.0844090985255832,18.46805157854254,18.383642480016956,1,0
Barcelona + Supra,balanced,p95,attitude_mean_mae_deg,0.8865768937996057,4.658235750416827,3.771658856617221,43,0
Barcelona + Supra,balanced,p95,SlipAngle_mean_rmse,2.100421539838695,6.879457647561193,4.779036107722497,84,0
Barcelona + Supra,80,mean,pos3d_rmse_m,0.1140879042589742,1.1815151053793211,1.067427201120347,81,0
Barcelona + Supra,80,mean,pos3d_finalae_m,0.1140879042589742,2.612060856462562,2.497972952203588,90,0
Barcelona + Supra,80,mean,speedKmh_rmse,0.02282304636015133,5.996847560539623,5.974024514179472,0,0
Barcelona + Supra,80,mean,attitude_mean_mae_deg,0.4722094331084556,1.1005845829881227,0.628375149879667,79,0
Barcelona + Supra,80,mean,SlipAngle_mean_rmse,0.39948853760417047,1.267458756187037,0.8679702185828665,0,0
Barcelona + Supra,80,p95,pos3d_rmse_m,0.2275519073417053,2.717052841028351,2.489500933686646,99,0
Barcelona + Supra,80,p95,pos3d_finalae_m,0.2275519073417053,6.756603923325823,6.529052015984118,55,0
Barcelona + Supra,80,p95,speedKmh_rmse,0.090997172520062,17.26694337757626,17.1759462050562,3,0
Barcelona + Supra,80,p95,attitude_mean_mae_deg,0.7491257618856708,2.9736180759795863,2.2244923140939155,3,0
Barcelona + Supra,80,p95,SlipAngle_mean_rmse,0.9050171674951482,3.50304300099645,2.5980258335013016,0,0
Barcelona + Supra,85,mean,pos3d_rmse_m,0.12459005267185734,1.397927079627303,1.2733370269554456,68,0
Barcelona + Supra,85,mean,pos3d_finalae_m,0.12459005267185734,3.112506600028726,2.9879165473568685,88,0
Barcelona + Supra,85,mean,speedKmh_rmse,0.02397545202915248,6.741791789831963,6.71781633780281,0,0
Barcelona + Supra,85,mean,attitude_mean_mae_deg,0.529549272945691,1.3154236936862251,0.7858744207405342,80,0
Barcelona + Supra,85,mean,SlipAngle_mean_rmse,0.47948501287055734,1.7128690062292518,1.2333839933586943,0,0
Barcelona + Supra,85,p95,pos3d_rmse_m,0.2547648973673935,3.453519465945856,3.1987545685784626,106,0
Barcelona + Supra,85,p95,pos3d_finalae_m,0.2547648973673935,8.095463326738807,7.840698429371414,61,0
Barcelona + Supra,85,p95,speedKmh_rmse,0.0788820614230019,19.189081696667067,19.110199635244065,2,0
Barcelona + Supra,85,p95,attitude_mean_mae_deg,0.8340771489443205,3.440831828204069,2.6067546792597485,39,0
Barcelona + Supra,85,p95,SlipAngle_mean_rmse,1.1140900672953329,4.532913979918961,3.418823912623628,6,0
Barcelona + Supra,90,mean,pos3d_rmse_m,0.1328030949225333,1.5634079979928317,1.4306049030702983,107,0
Barcelona + Supra,90,mean,pos3d_finalae_m,0.1328030949225333,3.5192437187783234,3.38644062385579,97,0
Barcelona + Supra,90,mean,speedKmh_rmse,0.026622073719563762,7.287749136594604,7.26112706287504,0,0
Barcelona + Supra,90,mean,attitude_mean_mae_deg,0.5501669969021563,1.5173997742971475,0.9672327773949911,78,0
Barcelona + Supra,90,mean,SlipAngle_mean_rmse,0.5529456614889544,2.4490049314820634,1.896059269993109,6,0
Barcelona + Supra,90,p95,pos3d_rmse_m,0.2758326336614754,3.634827152675931,3.3589945190144554,74,0
Barcelona + Supra,90,p95,pos3d_finalae_m,0.2758326336614754,8.76658857007125,8.490755936409775,64,0
Barcelona + Supra,90,p95,speedKmh_rmse,0.09541178848216703,19.537805055047052,19.442393266564885,3,0
Barcelona + Supra,90,p95,attitude_mean_mae_deg,0.8940254758741686,4.647054544157486,3.7530290682833174,51,0
Barcelona + Supra,90,p95,SlipAngle_mean_rmse,1.542563949613755,7.706691724606275,6.16412777499252,34,0
Barcelona + Supra,95,mean,pos3d_rmse_m,0.1285580069305062,1.7313318535722915,1.6027738466417853,76,0
Barcelona + Supra,95,mean,pos3d_finalae_m,0.1285580069305062,3.9063752153353435,3.777817208404837,88,0
Barcelona + Supra,95,mean,speedKmh_rmse,0.025542173460999996,7.497615542293945,7.472073368832945,0,0
Barcelona + Supra,95,mean,attitude_mean_mae_deg,0.579295917445525,1.7928996698107,1.213603752365175,76,0
Barcelona + Supra,95,mean,SlipAngle_mean_rmse,0.683295894239744,2.891389268777626,2.2080933745378823,19,0
Barcelona + Supra,95,p95,pos3d_rmse_m,0.26662298915201027,3.925810838329191,3.6591878491771808,46,0
Barcelona + Supra,95,p95,pos3d_finalae_m,0.26662298915201027,9.251801024239311,8.985178035087301,44,0
Barcelona + Supra,95,p95,speedKmh_rmse,0.07409416095353548,18.095959847982172,18.021865687028637,0,0
Barcelona + Supra,95,p95,attitude_mean_mae_deg,0.9084136823912637,5.191628247349278,4.283214564958014,40,0
Barcelona + Supra,95,p95,SlipAngle_mean_rmse,2.318942322101998,8.089596967151278,5.77065464504928,85,0
Barcelona + Supra,100,mean,pos3d_rmse_m,0.13222771113652645,1.7322055667224443,1.5999778555859179,76,0
Barcelona + Supra,100,mean,pos3d_finalae_m,0.13222771113652645,3.919954809236617,3.7877270981000906,89,0
Barcelona + Supra,100,mean,speedKmh_rmse,0.029384570223057134,7.2298782682142075,7.20049369799115,0,0
Barcelona + Supra,100,mean,attitude_mean_mae_deg,0.5733312177604437,1.9231938296352045,1.3498626118747608,70,0
Barcelona + Supra,100,mean,SlipAngle_mean_rmse,0.764243189511132,3.2179462113383415,2.4537030218272093,31,0
Barcelona + Supra,100,p95,pos3d_rmse_m,0.2708989740969167,4.2436072199331285,3.9727082458362117,108,0
Barcelona + Supra,100,p95,pos3d_finalae_m,0.2708989740969167,9.682636735684484,9.411737761587569,57,0
Barcelona + Supra,100,p95,speedKmh_rmse,0.07613020144608236,18.315282051445088,18.239151849999004,0,0
Barcelona + Supra,100,p95,attitude_mean_mae_deg,0.8931290519835496,6.018915890734892,5.125786838751342,22,0
Barcelona + Supra,100,p95,SlipAngle_mean_rmse,2.4413789884619312,8.523944389006584,6.082565400544652,81,0
Silverstone + AE86,pooled,mean,pos3d_rmse_m,0.3053491275208537,0.7897229059177578,0.48437377839690415,177,0
Silverstone + AE86,pooled,mean,pos3d_finalae_m,0.3053491275208537,1.6569806131598697,1.351631485639016,176,0
Silverstone + AE86,pooled,mean,speedKmh_rmse,0.018174829521042275,3.632477133893546,3.614302304372504,0,0
Silverstone + AE86,pooled,mean,attitude_mean_mae_deg,0.31901077944203543,0.8293892853931166,0.5103785059510813,40,0
Silverstone + AE86,pooled,mean,SlipAngle_mean_rmse,0.6354899073371172,1.6692344791389138,1.0337445718017966,56,0
Silverstone + AE86,pooled,p95,pos3d_rmse_m,0.6509406490543218,2.639320021091463,1.9883793720371412,158,0
Silverstone + AE86,pooled,p95,pos3d_finalae_m,0.6509406490543218,6.336317912875408,5.685377263821087,111,0
Silverstone + AE86,pooled,p95,speedKmh_rmse,0.0648912862514521,13.842995236122537,13.778103949871085,2,0
Silverstone + AE86,pooled,p95,attitude_mean_mae_deg,0.631568070904202,2.53697880428902,1.9054107333848178,44,0
Silverstone + AE86,pooled,p95,SlipAngle_mean_rmse,1.8016031818575915,5.894434026954262,4.092830845096671,124,0
Silverstone + AE86,balanced,mean,pos3d_rmse_m,0.30624223326939054,0.7946012265076658,0.4883589932382753,179,0
Silverstone + AE86,balanced,mean,pos3d_finalae_m,0.30624223326939054,1.6691395210904774,1.3628972878210868,175,0
Silverstone + AE86,balanced,mean,speedKmh_rmse,0.018228821251596878,3.639171674845071,3.620942853593474,0,0
Silverstone + AE86,balanced,mean,attitude_mean_mae_deg,0.3194836497333725,0.8375144227655549,0.5180307730321824,40,0
Silverstone + AE86,balanced,mean,SlipAngle_mean_rmse,0.6394360755806592,1.6848315047008344,1.0453954291201752,57,0
Silverstone + AE86,balanced,p95,pos3d_rmse_m,0.651732455698618,2.662462431255677,2.010729975557059,99,0
Silverstone + AE86,balanced,p95,pos3d_finalae_m,0.651732455698618,6.406238041944151,5.754505586245533,108,0
Silverstone + AE86,balanced,p95,speedKmh_rmse,0.0650969091943238,13.842995236122537,13.777898326928213,2,0
Silverstone + AE86,balanced,p95,attitude_mean_mae_deg,0.6348031292576533,2.6080343708465383,1.973231241588885,45,0
Silverstone + AE86,balanced,p95,SlipAngle_mean_rmse,1.8605019499928923,5.927017055883531,4.066515105890638,133,0
Silverstone + AE86,80,mean,pos3d_rmse_m,0.26635599431515367,0.6880251718203888,0.42166917750523514,143,0
Silverstone + AE86,80,mean,pos3d_finalae_m,0.26635599431515367,1.4058980953578988,1.1395421010427451,145,0
Silverstone + AE86,80,mean,speedKmh_rmse,0.017518880934071116,3.3132759037663804,3.2957570228323094,0,0
Silverstone + AE86,80,mean,attitude_mean_mae_deg,0.31286022357537396,0.6475351885769137,0.33467496500153976,0,0
Silverstone + AE86,80,mean,SlipAngle_mean_rmse,0.5546279793514668,1.221562244947447,0.6669342655959802,23,0
Silverstone + AE86,80,p95,pos3d_rmse_m,0.5729683416478915,2.164640902120285,1.5916725604723936,191,0
Silverstone + AE86,80,p95,pos3d_finalae_m,0.5729683416478915,4.838168417545631,4.26520007589774,122,0
Silverstone + AE86,80,p95,speedKmh_rmse,0.07010202223250409,13.488170505862017,13.418068483629513,0,0
Silverstone + AE86,80,p95,attitude_mean_mae_deg,0.5803352073131994,1.648686376486399,1.0683511691731997,35,0
Silverstone + AE86,80,p95,SlipAngle_mean_rmse,1.1206935689312465,3.9333699894132774,2.812676420482031,22,0
Silverstone + AE86,85,mean,pos3d_rmse_m,0.29759905630930417,0.6926637744432974,0.39506471813399324,167,0
Silverstone + AE86,85,mean,pos3d_finalae_m,0.29759905630930417,1.4080775708793385,1.1104785145700342,171,0
Silverstone + AE86,85,mean,speedKmh_rmse,0.017820993045497106,3.554477083317139,3.536656090271642,0,0
Silverstone + AE86,85,mean,attitude_mean_mae_deg,0.3075089085015125,0.6736331886228788,0.3661242801213663,30,0
Silverstone + AE86,85,mean,SlipAngle_mean_rmse,0.5576000685194812,1.4036279005513732,0.846027832031892,34,0
Silverstone + AE86,85,p95,pos3d_rmse_m,0.6534332009627115,1.9140440674118586,1.260610866449147,196,0
Silverstone + AE86,85,p95,pos3d_finalae_m,0.6534332009627115,4.69591132038153,4.042478119418819,138,0
Silverstone + AE86,85,p95,speedKmh_rmse,0.0577300960984628,13.995991689277595,13.938261593179131,0,0
Silverstone + AE86,85,p95,attitude_mean_mae_deg,0.5779143198020892,1.7050383114282037,1.1271239916261147,41,0
Silverstone + AE86,85,p95,SlipAngle_mean_rmse,1.1743523864408862,4.6709667533526735,3.4966143669117873,37,0
Silverstone + AE86,90,mean,pos3d_rmse_m,0.3224121606716159,0.7685064430900099,0.44609428241839405,232,0
Silverstone + AE86,90,mean,pos3d_finalae_m,0.3224121606716159,1.621676244255775,1.2992640835841591,192,0
Silverstone + AE86,90,mean,speedKmh_rmse,0.018661825064265607,3.8537810755141306,3.835119250449865,0,0
Silverstone + AE86,90,mean,attitude_mean_mae_deg,0.3246955843332927,0.7639797176593891,0.4392841333260964,41,0
Silverstone + AE86,90,mean,SlipAngle_mean_rmse,0.6232063187844675,1.5836665259488725,0.9604602071644049,46,0
Silverstone + AE86,90,p95,pos3d_rmse_m,0.659917212370134,2.0802434501553284,1.4203262377851944,136,0
Silverstone + AE86,90,p95,pos3d_finalae_m,0.659917212370134,5.562902329035326,4.902985116665192,95,0
Silverstone + AE86,90,p95,speedKmh_rmse,0.08202857068231845,14.127239567549422,14.045210996867104,5,0
Silverstone + AE86,90,p95,attitude_mean_mae_deg,0.6330953419171237,2.0283336568848602,1.3952383149677365,49,0
Silverstone + AE86,90,p95,SlipAngle_mean_rmse,1.4597152368369988,5.34000033736155,3.880285100524551,64,0
Silverstone + AE86,95,mean,pos3d_rmse_m,0.3225909478202788,0.8599931111301424,0.5374021633098636,142,0
Silverstone + AE86,95,mean,pos3d_finalae_m,0.3225909478202788,1.833841135493449,1.51125018767317,151,0
Silverstone + AE86,95,mean,speedKmh_rmse,0.016934542681856953,3.7970123301304373,3.7800777874485805,0,0
Silverstone + AE86,95,mean,attitude_mean_mae_deg,0.32145346664798397,0.9643186409739604,0.6428651743259763,44,0
Silverstone + AE86,95,mean,SlipAngle_mean_rmse,0.6877721993875712,1.9944694240460168,1.3066972246584456,70,0
Silverstone + AE86,95,p95,pos3d_rmse_m,0.6816465788788859,3.369036664718571,2.6873900858396853,0,0
Silverstone + AE86,95,p95,pos3d_finalae_m,0.6816465788788859,7.890895631509252,7.2092490526303665,46,0
Silverstone + AE86,95,p95,speedKmh_rmse,0.052312305476064504,13.686125867963007,13.633813562486942,0,0
Silverstone + AE86,95,p95,attitude_mean_mae_deg,0.6671618933326017,3.6782796303286025,3.0111177369960007,43,0
Silverstone + AE86,95,p95,SlipAngle_mean_rmse,2.2789345248324353,7.105535284920684,4.826600760088249,154,0
Silverstone + AE86,100,mean,pos3d_rmse_m,0.3222530072306027,0.963817632054492,0.6415646248238893,198,0
Silverstone + AE86,100,mean,pos3d_finalae_m,0.3222530072306027,2.076204559465929,1.7539515522353262,168,0
Silverstone + AE86,100,mean,speedKmh_rmse,0.020207864532293906,3.677311981497246,3.6571041169649523,0,0
Silverstone + AE86,100,mean,attitude_mean_mae_deg,0.3309000656087002,1.138105377994631,0.8072053123859309,43,0
Silverstone + AE86,100,mean,SlipAngle_mean_rmse,0.7739738118603022,2.2208314280104484,1.446857616150146,84,0
Silverstone + AE86,100,p95,pos3d_rmse_m,0.6217466725513866,3.445734697683133,2.8239880251317464,195,0
Silverstone + AE86,100,p95,pos3d_finalae_m,0.6217466725513866,8.145778076268083,7.524031403716696,86,0
Silverstone + AE86,100,p95,speedKmh_rmse,0.05352185032172864,13.196956246236505,13.143434395914776,0,0
Silverstone + AE86,100,p95,attitude_mean_mae_deg,0.6808687101912159,4.609897253390982,3.9290285431997662,46,0
Silverstone + AE86,100,p95,SlipAngle_mean_rmse,2.407717649379968,8.329685673002746,5.921968023622778,138,0
Silverstone + Supra,pooled,mean,pos3d_rmse_m,0.1554677644765857,1.4504645986411868,1.2949968341646012,92,0
Silverstone + Supra,pooled,mean,pos3d_finalae_m,0.1554677644765857,3.279227161845926,3.1237593973693403,115,0
Silverstone + Supra,pooled,mean,speedKmh_rmse,0.024578804608176043,7.4745547968084205,7.449975992200245,0,0
Silverstone + Supra,pooled,mean,attitude_mean_mae_deg,0.43210708586281216,1.179446443543193,0.7473393576803808,112,0
Silverstone + Supra,pooled,mean,SlipAngle_mean_rmse,0.38984578017385463,2.5813051785959606,2.191459398422106,29,0
Silverstone + Supra,pooled,p95,pos3d_rmse_m,0.3104777422473294,3.433716379663462,3.1232386374161325,149,0
Silverstone + Supra,pooled,p95,pos3d_finalae_m,0.3104777422473294,8.124713721906772,7.814235979659443,79,0
Silverstone + Supra,pooled,p95,speedKmh_rmse,0.08694353777064377,18.97841576135436,18.891472223583715,1,0
Silverstone + Supra,pooled,p95,attitude_mean_mae_deg,0.846832722744811,4.180323269415496,3.3334905466706846,68,0
Silverstone + Supra,pooled,p95,SlipAngle_mean_rmse,1.599846397420388,10.442701986038802,8.842855588618415,83,0
Silverstone + Supra,balanced,mean,pos3d_rmse_m,0.15570009733387474,1.4617465046556697,1.306046407321795,91,0
Silverstone + Supra,balanced,mean,pos3d_finalae_m,0.15570009733387474,3.3054427649697327,3.149742667635858,115,0
Silverstone + Supra,balanced,mean,speedKmh_rmse,0.02475970069843966,7.515764149520861,7.491004448822422,0,0
Silverstone + Supra,balanced,mean,attitude_mean_mae_deg,0.4331911814426115,1.1909147743651896,0.7577235929225781,111,0
Silverstone + Supra,balanced,mean,SlipAngle_mean_rmse,0.39389320150041157,2.6109771668890995,2.217083965388688,29,0
Silverstone + Supra,balanced,p95,pos3d_rmse_m,0.3149792471346497,3.4741935893291283,3.1592143421944785,152,0
Silverstone + Supra,balanced,p95,pos3d_finalae_m,0.3149792471346497,8.129751856392678,7.8147726092580285,86,0
Silverstone + Supra,balanced,p95,speedKmh_rmse,0.0873325849687489,18.979978172021685,18.892645587052936,1,0
Silverstone + Supra,balanced,p95,attitude_mean_mae_deg,0.8477091439869734,4.201622564493616,3.3539134205066423,66,0
Silverstone + Supra,balanced,p95,SlipAngle_mean_rmse,1.6835477815874609,10.60957449596274,8.92602671437528,89,0
Silverstone + Supra,80,mean,pos3d_rmse_m,0.14689208249753963,1.0597359465692497,0.9128438640717101,87,0
Silverstone + Supra,80,mean,pos3d_finalae_m,0.14689208249753963,2.3770768920685037,2.230184809570964,110,0
Silverstone + Supra,80,mean,speedKmh_rmse,0.017054869703989676,5.637210915000046,5.620156045296056,0,0
Silverstone + Supra,80,mean,attitude_mean_mae_deg,0.38436234780757866,0.8268718206888225,0.4425094728812438,136,0
Silverstone + Supra,80,mean,SlipAngle_mean_rmse,0.2715191568574304,1.4315829808996923,1.1600638240422618,7,0
Silverstone + Supra,80,p95,pos3d_rmse_m,0.28386072898903275,2.6384369485781347,2.354576219589102,146,0
Silverstone + Supra,80,p95,pos3d_finalae_m,0.28386072898903275,6.089756791439562,5.80589606245053,71,1
Silverstone + Supra,80,p95,speedKmh_rmse,0.06001814009298835,17.251861669318906,17.191843529225917,0,0
Silverstone + Supra,80,p95,attitude_mean_mae_deg,0.7414996445881331,2.322651867032158,1.5811522224440249,75,0
Silverstone + Supra,80,p95,SlipAngle_mean_rmse,0.8183594898862485,5.207261350674763,4.388901860788515,14,0
Silverstone + Supra,85,mean,pos3d_rmse_m,0.15407104996676715,1.3414059273012942,1.187334877334527,135,0
Silverstone + Supra,85,mean,pos3d_finalae_m,0.15407104996676715,3.025143504155079,2.8710724541883117,116,0
Silverstone + Supra,85,mean,speedKmh_rmse,0.0254857520440218,7.407950912327102,7.382465160283081,0,0
Silverstone + Supra,85,mean,attitude_mean_mae_deg,0.42433340980291473,0.9964210662176378,0.572087656414723,127,0
Silverstone + Supra,85,mean,SlipAngle_mean_rmse,0.3160493786435813,2.25551033120186,1.9394609525582784,12,0
Silverstone + Supra,85,p95,pos3d_rmse_m,0.3049734278350983,2.9820015557984347,2.6770281279633363,150,0
Silverstone + Supra,85,p95,pos3d_finalae_m,0.3049734278350983,6.742867957827511,6.437894529992413,80,0
Silverstone + Supra,85,p95,speedKmh_rmse,0.07905478248677007,19.03654860870181,18.95749382621504,0,0
Silverstone + Supra,85,p95,attitude_mean_mae_deg,0.8207693017768944,2.9299650507858805,2.109195749008986,79,0
Silverstone + Supra,85,p95,SlipAngle_mean_rmse,1.02732737624293,8.327912828836377,7.300585452593447,27,0
Silverstone + Supra,90,mean,pos3d_rmse_m,0.15875505714695665,1.5483973165496963,1.3896422594027396,77,0
Silverstone + Supra,90,mean,pos3d_finalae_m,0.15875505714695665,3.4895352487414613,3.3307801915945046,103,0
Silverstone + Supra,90,mean,speedKmh_rmse,0.026146053169614953,8.350838073936139,8.324692020766523,0,0
Silverstone + Supra,90,mean,attitude_mean_mae_deg,0.4649765919756646,1.2197464458527318,0.7547698538770673,122,0
Silverstone + Supra,90,mean,SlipAngle_mean_rmse,0.37107475120935024,2.9483780035842666,2.577303252374916,18,0
Silverstone + Supra,90,p95,pos3d_rmse_m,0.32500020154357423,2.9708799995177033,2.6458797979741293,160,0
Silverstone + Supra,90,p95,pos3d_finalae_m,0.32500020154357423,7.01656617461886,6.691565973075286,94,0
Silverstone + Supra,90,p95,speedKmh_rmse,0.08787162254037917,19.051824218176183,18.963952595635803,2,0
Silverstone + Supra,90,p95,attitude_mean_mae_deg,0.8688814026700026,4.083212664422233,3.2143312617522306,77,0
Silverstone + Supra,90,p95,SlipAngle_mean_rmse,1.4487420256684733,13.22402769519844,11.775285669529968,79,0
Silverstone + Supra,95,mean,pos3d_rmse_m,0.15717735269047353,1.5629741795682623,1.4057968268777887,100,0
Silverstone + Supra,95,mean,pos3d_finalae_m,0.15717735269047353,3.5424426356790994,3.385265282988626,111,0
Silverstone + Supra,95,mean,speedKmh_rmse,0.027156910857511016,8.150559982719919,8.123403071862407,0,0
Silverstone + Supra,95,mean,attitude_mean_mae_deg,0.44484835228597885,1.3011311419239422,0.8562827896379633,110,0
Silverstone + Supra,95,mean,SlipAngle_mean_rmse,0.45627600517953226,3.1256450728828504,2.669369067703318,46,0
Silverstone + Supra,95,p95,pos3d_rmse_m,0.3094211556137117,3.490050799752439,3.1806296441387274,155,0
Silverstone + Supra,95,p95,pos3d_finalae_m,0.3094211556137117,8.151149148853596,7.841727993239885,80,0
Silverstone + Supra,95,p95,speedKmh_rmse,0.0960905742339661,19.612679816944457,19.51658924271049,2,0
Silverstone + Supra,95,p95,attitude_mean_mae_deg,0.854055907996612,4.298899995343031,3.444844087346419,70,0
Silverstone + Supra,95,p95,SlipAngle_mean_rmse,2.07872458325504,12.046372054935171,9.96764747168013,143,0
Silverstone + Supra,100,mean,pos3d_rmse_m,0.1616049443676384,1.7962191532898417,1.6346142089222033,89,0
Silverstone + Supra,100,mean,pos3d_finalae_m,0.1616049443676384,4.093015544204525,3.931410599836887,105,0
Silverstone + Supra,100,mean,speedKmh_rmse,0.02795491771706113,8.03226086362112,8.00430594590406,0,0
Silverstone + Supra,100,mean,attitude_mean_mae_deg,0.44743520534091885,1.610403397142817,1.1629681918018981,90,0
Silverstone + Supra,100,mean,SlipAngle_mean_rmse,0.5545467156121658,3.293769445876873,2.739222730264707,63,0
Silverstone + Supra,100,p95,pos3d_rmse_m,0.33273904532289,4.42720825685843,4.094469211535539,146,0
Silverstone + Supra,100,p95,pos3d_finalae_m,0.33273904532289,10.129351075786635,9.796612030463745,91,0
Silverstone + Supra,100,p95,speedKmh_rmse,0.0974042180619533,18.760796392995715,18.66339217493376,0,0
Silverstone + Supra,100,p95,attitude_mean_mae_deg,0.8541674835327894,5.675021545448276,4.820854061915487,53,0
Silverstone + Supra,100,p95,SlipAngle_mean_rmse,2.413795459474583,11.01072582669156,8.596930367216977,112,0
