config,scope,statistic,loss,lambda_value,selected_step,time_s,distance_m,benefit,loss_value,utility
Barcelona + AE86,pooled,p95,grouped,0.5,486,1.4594594594594594,45.5370353227834,0.9719327005768268,0.9422886864030507,0.5007883573753014
Barcelona + AE86,pooled,p95,grouped,1.0,261,0.7837837837837838,24.45288930735583,0.521041550503165,0.26775680756084275,0.2532847429423223
Barcelona + AE86,pooled,p95,grouped,2.0,175,0.5255255255255256,16.393168649466514,0.3486818678274204,0.1317382647598635,0.08520533830769339
Barcelona + AE86,pooled,p95,worst,0.5,500,1.5015015015015014,46.84949186401344,1.0,1.0,0.5
Barcelona + AE86,pooled,p95,worst,1.0,281,0.8438438438438438,26.32590225701481,0.5610965265195828,0.39631209965978714,0.1647844268597956
Barcelona + AE86,pooled,p95,worst,2.0,12,0.036036036036036036,1.119966453603569,0.022059594468033197,0.004834932438439701,0.012389729591153795
Barcelona + Supra,pooled,p95,grouped,0.5,469,1.4084084084084083,48.49052923594528,0.937857714600389,0.8657589500035916,0.5049782395985932
Barcelona + Supra,pooled,p95,grouped,1.0,248,0.7447447447447447,25.63138850727933,0.4948641533607831,0.30076538899958116,0.19409876436120194
Barcelona + Supra,pooled,p95,grouped,2.0,42,0.12612612612612611,4.334697807117019,0.08214973999473524,-0.003635213329830361,0.08942016665439596
Barcelona + Supra,pooled,p95,worst,0.5,500,1.5015015015015014,51.69716556532141,1.0,1.0,0.5
Barcelona + Supra,pooled,p95,worst,1.0,205,0.6156156156156156,21.185648655159575,0.4087089407562407,0.29598329572119575,0.11272564503504495
Barcelona + Supra,pooled,p95,worst,2.0,5,0.015015015015015015,0.5106701997461299,0.008042859592907375,0.0010679384720795595,0.005906982648748256
Silverstone + AE86,pooled,p95,grouped,0.5,440,1.3213213213213213,52.01649854114632,0.8798984144302433,0.7422230592971444,0.5087868847816711
Silverstone + AE86,pooled,p95,grouped,1.0,256,0.7687687687687688,30.271646291939955,0.511285274094083,0.2148223794545969,0.29646289463948605
Silverstone + AE86,pooled,p95,grouped,2.0,177,0.5315315315315315,20.930169452766865,0.35293096229641235,0.10364672297553798,0.1456375163453364
Silverstone + AE86,pooled,p95,worst,0.5,500,1.5015015015015014,59.10140937945259,1.0,1.0,0.5
Silverstone + AE86,pooled,p95,worst,1.0,255,0.7657657657657657,30.155406941355633,0.5093148145315864,0.3402814393003707,0.16903337523121575
Silverstone + AE86,pooled,p95,worst,2.0,16,0.04804804804804805,1.8862482250892698,0.030103309682451077,0.008179160003639071,0.013744989675172934
Silverstone + Supra,pooled,p95,grouped,0.5,439,1.3183183183183182,57.95981826976333,0.8780335794490066,0.7435408162901935,0.5062631713039099
Silverstone + Supra,pooled,p95,grouped,1.0,253,0.7597597597597597,33.42484044281364,0.5055721628317033,0.2538871167459471,0.25168504608575615
Silverstone + Supra,pooled,p95,grouped,2.0,70,0.21021021021021022,9.251853769312836,0.13860607369207173,0.015546857586715396,0.10751235851864094
Silverstone + Supra,pooled,p95,worst,0.5,500,1.5015015015015014,65.99405561716009,1.0,1.0,0.5
Silverstone + Supra,pooled,p95,worst,1.0,131,0.3933933933933934,17.31644998006921,0.2610333670970602,0.1661901475237822,0.09484321957327801
Silverstone + Supra,pooled,p95,worst,2.0,7,0.02102102102102102,0.9172603462116955,0.012079997524696058,0.0028780062329070762,0.006323985058881905
