config,folder,scope,step,time_s,n_rollouts,distance_m,mean_pos3d_rmse_m,p95_pos3d_rmse_m,median_pos3d_rmse_m,mean_pos3d_finalae_m,p95_pos3d_finalae_m,median_pos3d_finalae_m,mean_speedKmh_rmse,p95_speedKmh_rmse,median_speedKmh_rmse,mean_attitude_mean_mae_deg,p95_attitude_mean_mae_deg,median_attitude_mean_mae_deg,mean_SlipAngle_mean_rmse,p95_SlipAngle_mean_rmse,median_SlipAngle_mean_rmse
Barcelona + AE86,ks_barcelona+ks_toyota_ae86_drift,pooled,125,0.37537537537537535,1780,11.707772060204178,0.2293899058382833,0.5347558629312206,0.1973508558335954,0.21782009781144,0.5035031501128595,0.1817589070001996,1.1545033479998854,2.0728825864692326,1.1122029056239349,0.5998109640600247,1.1814433536244513,0.6459988054413124,1.0522316666482074,2.3364425476799173,1.0917196536117886
Barcelona + AE86,ks_barcelona+ks_toyota_ae86_drift,pooled,250,0.7507507507507507,1780,23.421558920244017,0.31256702958511917,0.6340458406848065,0.2743967003652947,0.5213663840757162,1.2971441102909271,0.45899511999997533,2.0917414937853165,5.112142007342473,1.7762196607175316,0.7417882318252033,1.759977577015697,0.6961581370930278,1.1308396346504317,3.136542469444899,0.987675010512126
Barcelona + AE86,ks_barcelona+ks_toyota_ae86_drift,pooled,500,1.5015015015015014,1780,46.84949186401344,0.937970882635009,2.9221246468044906,0.6722775598413957,2.0467395394834766,6.855746173176565,1.3395881893896364,4.428340191554116,15.98388438823481,2.4841267825491062,1.23228792899623,3.8403258373935847,0.9041624938004269,2.121222835402397,6.638725617375982,1.4401886888696676
Barcelona + Supra,ks_barcelona+ks_toyota_supra_mkiv_drift,pooled,125,0.37537537537537535,1421,12.912996052485694,0.13647189571585847,0.252159141445574,0.1184221465411243,0.19518932243360884,0.3784667914119041,0.1871775382678142,1.7715380592907086,3.0576392985348995,1.802225203040608,0.6723202522366367,1.434445393637519,0.6913330537732516,0.9479820297785214,2.4593603049279764,0.8565882818716295
Barcelona + Supra,ks_barcelona+ks_toyota_supra_mkiv_drift,pooled,250,0.7507507507507507,1421,25.838784985511747,0.3781164272288532,0.7445809889295575,0.3453489957777766,0.8149539821983792,1.7647501645206116,0.7437103214450759,3.1877642452997113,7.487712151719676,2.7801079519963623,0.9024634582898801,2.333327790679634,0.7768779908824837,1.1350946141736933,3.2317633131472974,0.8958444461717774
Barcelona + Supra,ks_barcelona+ks_toyota_supra_mkiv_drift,pooled,500,1.5015015015015014,1421,51.69716556532141,1.5005323834510154,3.635949619396353,1.210105100125304,3.364552869732151,8.666765805343035,2.5806620769133577,6.902033897468357,18.46805157854254,4.687120068858481,1.4997235642963052,4.613510925379463,1.077739003490848,2.232275005774296,6.726177220354088,1.5351149009417115
Silverstone + AE86,ks_silverstone1967+ks_toyota_ae86_drift,pooled,125,0.37537537537537535,1321,14.78297445686422,0.29251699888602195,0.6458884870331646,0.2498251539813755,0.2682602799310473,0.631533829031848,0.231503715352229,0.9775929553649108,1.9106062635864,0.8794555799422811,0.42068541523329295,0.8886467866849475,0.3452843293101683,0.7040118558320992,1.798826297140085,0.5205118571519872
Silverstone + AE86,ks_silverstone1967+ks_toyota_ae86_drift,pooled,250,0.7507507507507507,1321,29.563824360161018,0.3311121881441707,0.7367970415024887,0.2789369381458602,0.4528870625950222,1.2468751820937027,0.3606158807333157,1.7752580658567927,4.658136561230956,1.369722813774339,0.4808187837483174,1.17109211800769,0.3774453263455833,0.7702240319214406,2.3529389264514204,0.5399779799016564
Silverstone + AE86,ks_silverstone1967+ks_toyota_ae86_drift,pooled,500,1.5015015015015014,1321,59.10140937945259,0.7897229059177578,2.639320021091463,0.5451908117169539,1.6569806131598697,6.336317912875408,0.9605561619765414,3.632477133893546,13.842995236122537,1.747378819176262,0.8293892853931166,2.53697880428902,0.575074096385129,1.6692344791389138,5.894434026954262,0.8017650825418445
Silverstone + Supra,ks_silverstone1967+ks_toyota_supra_mkiv_drift,pooled,125,0.37537537537537535,1196,16.520529139662422,0.15251921801436433,0.2786551643394207,0.13324467655862715,0.17342334874126844,0.40084039548799844,0.1587025457870567,1.8596148150540004,3.013640299092983,1.8742794115906987,0.4498494361654582,1.127463515364257,0.31775666014395565,0.6148698616816997,2.007577193315256,0.33065862099634213
Silverstone + Supra,ks_silverstone1967+ks_toyota_supra_mkiv_drift,pooled,250,0.7507507507507507,1196,33.03210657902314,0.35688862343505184,0.6890030354345016,0.33519095019321105,0.766005558581265,1.5908236725005436,0.7107414974609367,3.622806686753626,8.213004245121638,2.948909884277175,0.5940175734183403,1.6878379895852271,0.4110542202216889,0.871303541987017,3.0879531336923955,0.514185035861483
Silverstone + Supra,ks_silverstone1967+ks_toyota_supra_mkiv_drift,pooled,500,1.5015015015015014,1196,65.99405561716009,1.4504645986411868,3.433716379663462,1.1711235251842786,3.279227161845926,8.124713721906772,2.57188595295386,7.4745547968084205,18.97841576135436,4.75295924942389,1.179446443543193,4.180323269415496,0.771533465920195,2.5813051785959606,10.442701986038802,1.2450338084679382
