config,setting,step,metric_a,metric_b,spearman
Barcelona + AE86,80,125,pos3d_rmse_m,pos3d_finalae_m,0.7911938863736354
Barcelona + AE86,80,125,pos3d_rmse_m,speedKmh_rmse,-0.21225613446159738
Barcelona + AE86,80,125,pos3d_rmse_m,attitude_mean_mae_deg,-0.16824233242017292
Barcelona + AE86,80,125,pos3d_rmse_m,SlipAngle_mean_rmse,-0.08464978757852985
Barcelona + AE86,80,125,pos3d_finalae_m,speedKmh_rmse,-0.35772216140605084
Barcelona + AE86,80,125,pos3d_finalae_m,attitude_mean_mae_deg,0.1785484604262136
Barcelona + AE86,80,125,pos3d_finalae_m,SlipAngle_mean_rmse,0.243498336546834
Barcelona + AE86,80,125,speedKmh_rmse,attitude_mean_mae_deg,-0.04765253317880791
Barcelona + AE86,80,125,speedKmh_rmse,SlipAngle_mean_rmse,-0.06115719066410239
Barcelona + AE86,80,125,attitude_mean_mae_deg,SlipAngle_mean_rmse,0.9327388510088107
Barcelona + AE86,80,250,pos3d_rmse_m,pos3d_finalae_m,0.7731851472019904
Barcelona + AE86,80,250,pos3d_rmse_m,speedKmh_rmse,0.043629895285363145
Barcelona + AE86,80,250,pos3d_rmse_m,attitude_mean_mae_deg,0.47937740285916913
Barcelona + AE86,80,250,pos3d_rmse_m,SlipAngle_mean_rmse,0.498613126135459
Barcelona + AE86,80,250,pos3d_finalae_m,speedKmh_rmse,0.3448230412586561
Barcelona + AE86,80,250,pos3d_finalae_m,attitude_mean_mae_deg,0.7086567485655508
Barcelona + AE86,80,250,pos3d_finalae_m,SlipAngle_mean_rmse,0.6673610112522494
Barcelona + AE86,80,250,speedKmh_rmse,attitude_mean_mae_deg,0.10624279868881831
Barcelona + AE86,80,250,speedKmh_rmse,SlipAngle_mean_rmse,0.08991385044280224
Barcelona + AE86,80,250,attitude_mean_mae_deg,SlipAngle_mean_rmse,0.8990184494303507
Barcelona + AE86,80,500,pos3d_rmse_m,pos3d_finalae_m,0.9321869162080978
Barcelona + AE86,80,500,pos3d_rmse_m,speedKmh_rmse,0.6193113542534164
Barcelona + AE86,80,500,pos3d_rmse_m,attitude_mean_mae_deg,0.5828293205878412
Barcelona + AE86,80,500,pos3d_rmse_m,SlipAngle_mean_rmse,0.395657582586763
Barcelona + AE86,80,500,pos3d_finalae_m,speedKmh_rmse,0.7059734398204437
Barcelona + AE86,80,500,pos3d_finalae_m,attitude_mean_mae_deg,0.5606131493877011
Barcelona + AE86,80,500,pos3d_finalae_m,SlipAngle_mean_rmse,0.3338198355087438
Barcelona + AE86,80,500,speedKmh_rmse,attitude_mean_mae_deg,0.37587163783286653
Barcelona + AE86,80,500,speedKmh_rmse,SlipAngle_mean_rmse,0.3438109568236458
Barcelona + AE86,80,500,attitude_mean_mae_deg,SlipAngle_mean_rmse,0.8278810292910942
Barcelona + AE86,85,125,pos3d_rmse_m,pos3d_finalae_m,0.7864820905555289
Barcelona + AE86,85,125,pos3d_rmse_m,speedKmh_rmse,-0.17018610021082772
Barcelona + AE86,85,125,pos3d_rmse_m,attitude_mean_mae_deg,-0.13922105047207078
Barcelona + AE86,85,125,pos3d_rmse_m,SlipAngle_mean_rmse,-0.10245032671750394
Barcelona + AE86,85,125,pos3d_finalae_m,speedKmh_rmse,-0.29388315866205145
Barcelona + AE86,85,125,pos3d_finalae_m,attitude_mean_mae_deg,0.18529269261491857
Barcelona + AE86,85,125,pos3d_finalae_m,SlipAngle_mean_rmse,0.20037991549431028
Barcelona + AE86,85,125,speedKmh_rmse,attitude_mean_mae_deg,-0.05579023295809199
Barcelona + AE86,85,125,speedKmh_rmse,SlipAngle_mean_rmse,-0.0661130983819081
Barcelona + AE86,85,125,attitude_mean_mae_deg,SlipAngle_mean_rmse,0.9379152171351
Barcelona + AE86,85,250,pos3d_rmse_m,pos3d_finalae_m,0.8032683754043047
Barcelona + AE86,85,250,pos3d_rmse_m,speedKmh_rmse,0.13873162896065858
Barcelona + AE86,85,250,pos3d_rmse_m,attitude_mean_mae_deg,0.4887684037765663
Barcelona + AE86,85,250,pos3d_rmse_m,SlipAngle_mean_rmse,0.4604842599422952
Barcelona + AE86,85,250,pos3d_finalae_m,speedKmh_rmse,0.3140642937271112
Barcelona + AE86,85,250,pos3d_finalae_m,attitude_mean_mae_deg,0.714889599165419
Barcelona + AE86,85,250,pos3d_finalae_m,SlipAngle_mean_rmse,0.6356191373086509
Barcelona + AE86,85,250,speedKmh_rmse,attitude_mean_mae_deg,0.08843333828029175
Barcelona + AE86,85,250,speedKmh_rmse,SlipAngle_mean_rmse,0.09780409608157244
Barcelona + AE86,85,250,attitude_mean_mae_deg,SlipAngle_mean_rmse,0.8996917790280973
Barcelona + AE86,85,500,pos3d_rmse_m,pos3d_finalae_m,0.9406291330746365
Barcelona + AE86,85,500,pos3d_rmse_m,speedKmh_rmse,0.6148820150416636
Barcelona + AE86,85,500,pos3d_rmse_m,attitude_mean_mae_deg,0.6193784728739355
Barcelona + AE86,85,500,pos3d_rmse_m,SlipAngle_mean_rmse,0.4559577929872499
Barcelona + AE86,85,500,pos3d_finalae_m,speedKmh_rmse,0.7205654155226825
Barcelona + AE86,85,500,pos3d_finalae_m,attitude_mean_mae_deg,0.6049026176684985
Barcelona + AE86,85,500,pos3d_finalae_m,SlipAngle_mean_rmse,0.41286223739289474
Barcelona + AE86,85,500,speedKmh_rmse,attitude_mean_mae_deg,0.4012186977568454
Barcelona + AE86,85,500,speedKmh_rmse,SlipAngle_mean_rmse,0.3430907541347115
Barcelona + AE86,85,500,attitude_mean_mae_deg,SlipAngle_mean_rmse,0.8614241456675557
Barcelona + AE86,90,125,pos3d_rmse_m,pos3d_finalae_m,0.7573897605765884
Barcelona + AE86,90,125,pos3d_rmse_m,speedKmh_rmse,-0.14702086538496045
Barcelona + AE86,90,125,pos3d_rmse_m,attitude_mean_mae_deg,-0.2397940211643571
Barcelona + AE86,90,125,pos3d_rmse_m,SlipAngle_mean_rmse,-0.19622731931854226
Barcelona + AE86,90,125,pos3d_finalae_m,speedKmh_rmse,-0.3780218478797685
Barcelona + AE86,90,125,pos3d_finalae_m,attitude_mean_mae_deg,0.13735161471185903
Barcelona + AE86,90,125,pos3d_finalae_m,SlipAngle_mean_rmse,0.16645626352172627
Barcelona + AE86,90,125,speedKmh_rmse,attitude_mean_mae_deg,-0.16940457612347135
Barcelona + AE86,90,125,speedKmh_rmse,SlipAngle_mean_rmse,-0.1808011294135315
Barcelona + AE86,90,125,attitude_mean_mae_deg,SlipAngle_mean_rmse,0.939624879672682
Barcelona + AE86,90,250,pos3d_rmse_m,pos3d_finalae_m,0.7060109965434623
Barcelona + AE86,90,250,pos3d_rmse_m,speedKmh_rmse,0.15025296687758513
Barcelona + AE86,90,250,pos3d_rmse_m,attitude_mean_mae_deg,0.5243042548181308
Barcelona + AE86,90,250,pos3d_rmse_m,SlipAngle_mean_rmse,0.43414179119928686
Barcelona + AE86,90,250,pos3d_finalae_m,speedKmh_rmse,0.29741531261913684
Barcelona + AE86,90,250,pos3d_finalae_m,attitude_mean_mae_deg,0.7633039155413343
Barcelona + AE86,90,250,pos3d_finalae_m,SlipAngle_mean_rmse,0.595490130744413
Barcelona + AE86,90,250,speedKmh_rmse,attitude_mean_mae_deg,0.05946729954165886
Barcelona + AE86,90,250,speedKmh_rmse,SlipAngle_mean_rmse,0.035209698733799116
Barcelona + AE86,90,250,attitude_mean_mae_deg,SlipAngle_mean_rmse,0.8542502493505016
Barcelona + AE86,90,500,pos3d_rmse_m,pos3d_finalae_m,0.9478470278496836
Barcelona + AE86,90,500,pos3d_rmse_m,speedKmh_rmse,0.562829977051196
Barcelona + AE86,90,500,pos3d_rmse_m,attitude_mean_mae_deg,0.6339280661415836
Barcelona + AE86,90,500,pos3d_rmse_m,SlipAngle_mean_rmse,0.4202540793962916
Barcelona + AE86,90,500,pos3d_finalae_m,speedKmh_rmse,0.6624346326245144
Barcelona + AE86,90,500,pos3d_finalae_m,attitude_mean_mae_deg,0.6514126917127847
Barcelona + AE86,90,500,pos3d_finalae_m,SlipAngle_mean_rmse,0.43426946859425947
Barcelona + AE86,90,500,speedKmh_rmse,attitude_mean_mae_deg,0.4159928290853799
Barcelona + AE86,90,500,speedKmh_rmse,SlipAngle_mean_rmse,0.41693101638659996
Barcelona + AE86,90,500,attitude_mean_mae_deg,SlipAngle_mean_rmse,0.8514254732552435
Barcelona + AE86,95,125,pos3d_rmse_m,pos3d_finalae_m,0.7804460916119458
Barcelona + AE86,95,125,pos3d_rmse_m,speedKmh_rmse,-0.25341609951090294
Barcelona + AE86,95,125,pos3d_rmse_m,attitude_mean_mae_deg,-0.16666719858297496
Barcelona + AE86,95,125,pos3d_rmse_m,SlipAngle_mean_rmse,-0.15015758020633033
Barcelona + AE86,95,125,pos3d_finalae_m,speedKmh_rmse,-0.31635203817031426
Barcelona + AE86,95,125,pos3d_finalae_m,attitude_mean_mae_deg,0.18808813321312023
Barcelona + AE86,95,125,pos3d_finalae_m,SlipAngle_mean_rmse,0.19104545490812475
Barcelona + AE86,95,125,speedKmh_rmse,attitude_mean_mae_deg,0.03166085548099862
Barcelona + AE86,95,125,speedKmh_rmse,SlipAngle_mean_rmse,0.004417431961255216
Barcelona + AE86,95,125,attitude_mean_mae_deg,SlipAngle_mean_rmse,0.9417535684935332
Barcelona + AE86,95,250,pos3d_rmse_m,pos3d_finalae_m,0.7054857858664517
Barcelona + AE86,95,250,pos3d_rmse_m,speedKmh_rmse,0.16768648320873195
Barcelona + AE86,95,250,pos3d_rmse_m,attitude_mean_mae_deg,0.5344119266274644
Barcelona + AE86,95,250,pos3d_rmse_m,SlipAngle_mean_rmse,0.5194142803571286
Barcelona + AE86,95,250,pos3d_finalae_m,speedKmh_rmse,0.35164282351814763
Barcelona + AE86,95,250,pos3d_finalae_m,attitude_mean_mae_deg,0.7783955542434954
Barcelona + AE86,95,250,pos3d_finalae_m,SlipAngle_mean_rmse,0.6958251218753241
Barcelona + AE86,95,250,speedKmh_rmse,attitude_mean_mae_deg,0.20261024630384655
Barcelona + AE86,95,250,speedKmh_rmse,SlipAngle_mean_rmse,0.17123662562932349
Barcelona + AE86,95,250,attitude_mean_mae_deg,SlipAngle_mean_rmse,0.894055835254881
Barcelona + AE86,95,500,pos3d_rmse_m,pos3d_finalae_m,0.968622788890396
Barcelona + AE86,95,500,pos3d_rmse_m,speedKmh_rmse,0.633007667573584
Barcelona + AE86,95,500,pos3d_rmse_m,attitude_mean_mae_deg,0.6972409501089099
Barcelona + AE86,95,500,pos3d_rmse_m,SlipAngle_mean_rmse,0.4648703852935779
Barcelona + AE86,95,500,pos3d_finalae_m,speedKmh_rmse,0.6969277843824053
Barcelona + AE86,95,500,pos3d_finalae_m,attitude_mean_mae_deg,0.702313835941053
Barcelona + AE86,95,500,pos3d_finalae_m,SlipAngle_mean_rmse,0.46565589270184227
Barcelona + AE86,95,500,speedKmh_rmse,attitude_mean_mae_deg,0.5060359203082987
Barcelona + AE86,95,500,speedKmh_rmse,SlipAngle_mean_rmse,0.49138614730358326
Barcelona + AE86,95,500,attitude_mean_mae_deg,SlipAngle_mean_rmse,0.8335665786345177
Barcelona + AE86,100,125,pos3d_rmse_m,pos3d_finalae_m,0.7621216683297541
Barcelona + AE86,100,125,pos3d_rmse_m,speedKmh_rmse,-0.3009553836340577
Barcelona + AE86,100,125,pos3d_rmse_m,attitude_mean_mae_deg,-0.25976099649217105
Barcelona + AE86,100,125,pos3d_rmse_m,SlipAngle_mean_rmse,-0.2463965746203723
Barcelona + AE86,100,125,pos3d_finalae_m,speedKmh_rmse,-0.39280426413976904
Barcelona + AE86,100,125,pos3d_finalae_m,attitude_mean_mae_deg,0.08621346080629469
Barcelona + AE86,100,125,pos3d_finalae_m,SlipAngle_mean_rmse,0.08081858742904921
Barcelona + AE86,100,125,speedKmh_rmse,attitude_mean_mae_deg,0.13915438843585998
Barcelona + AE86,100,125,speedKmh_rmse,SlipAngle_mean_rmse,0.13327386032885172
Barcelona + AE86,100,125,attitude_mean_mae_deg,SlipAngle_mean_rmse,0.9466941055367957
Barcelona + AE86,100,250,pos3d_rmse_m,pos3d_finalae_m,0.7410062633285472
Barcelona + AE86,100,250,pos3d_rmse_m,speedKmh_rmse,0.1442767808929909
Barcelona + AE86,100,250,pos3d_rmse_m,attitude_mean_mae_deg,0.5496251209989474
Barcelona + AE86,100,250,pos3d_rmse_m,SlipAngle_mean_rmse,0.5061890909754485
Barcelona + AE86,100,250,pos3d_finalae_m,speedKmh_rmse,0.3594997963650962
Barcelona + AE86,100,250,pos3d_finalae_m,attitude_mean_mae_deg,0.7992089343880875
Barcelona + AE86,100,250,pos3d_finalae_m,SlipAngle_mean_rmse,0.7230586045493116
Barcelona + AE86,100,250,speedKmh_rmse,attitude_mean_mae_deg,0.29146831963463504
Barcelona + AE86,100,250,speedKmh_rmse,SlipAngle_mean_rmse,0.2330350558938411
Barcelona + AE86,100,250,attitude_mean_mae_deg,SlipAngle_mean_rmse,0.9223068558190229
Barcelona + AE86,100,500,pos3d_rmse_m,pos3d_finalae_m,0.961981653780849
Barcelona + AE86,100,500,pos3d_rmse_m,speedKmh_rmse,0.6530882415151432
Barcelona + AE86,100,500,pos3d_rmse_m,attitude_mean_mae_deg,0.7542060353901703
Barcelona + AE86,100,500,pos3d_rmse_m,SlipAngle_mean_rmse,0.5723227401709869
Barcelona + AE86,100,500,pos3d_finalae_m,speedKmh_rmse,0.7164730268773188
Barcelona + AE86,100,500,pos3d_finalae_m,attitude_mean_mae_deg,0.747622946128407
Barcelona + AE86,100,500,pos3d_finalae_m,SlipAngle_mean_rmse,0.5553380961505123
Barcelona + AE86,100,500,speedKmh_rmse,attitude_mean_mae_deg,0.5563102350801143
Barcelona + AE86,100,500,speedKmh_rmse,SlipAngle_mean_rmse,0.4817217973952981
Barcelona + AE86,100,500,attitude_mean_mae_deg,SlipAngle_mean_rmse,0.8753671441925897
Barcelona + Supra,80,125,pos3d_rmse_m,pos3d_finalae_m,0.47003940035990016
Barcelona + Supra,80,125,pos3d_rmse_m,speedKmh_rmse,-0.1534038137806931
Barcelona + Supra,80,125,pos3d_rmse_m,attitude_mean_mae_deg,0.07923608289313287
Barcelona + Supra,80,125,pos3d_rmse_m,SlipAngle_mean_rmse,0.0723348522667905
Barcelona + Supra,80,125,pos3d_finalae_m,speedKmh_rmse,-0.07964133337203227
Barcelona + Supra,80,125,pos3d_finalae_m,attitude_mean_mae_deg,0.6061154002438033
Barcelona + Supra,80,125,pos3d_finalae_m,SlipAngle_mean_rmse,0.5780021913275671
Barcelona + Supra,80,125,speedKmh_rmse,attitude_mean_mae_deg,-0.3516144714692053
Barcelona + Supra,80,125,speedKmh_rmse,SlipAngle_mean_rmse,-0.3024627038950485
Barcelona + Supra,80,125,attitude_mean_mae_deg,SlipAngle_mean_rmse,0.9487987606663958
Barcelona + Supra,80,250,pos3d_rmse_m,pos3d_finalae_m,0.9706652348058281
Barcelona + Supra,80,250,pos3d_rmse_m,speedKmh_rmse,0.35854907993266383
Barcelona + Supra,80,250,pos3d_rmse_m,attitude_mean_mae_deg,0.6831235125094328
Barcelona + Supra,80,250,pos3d_rmse_m,SlipAngle_mean_rmse,0.5885082283624543
Barcelona + Supra,80,250,pos3d_finalae_m,speedKmh_rmse,0.40957653683171763
Barcelona + Supra,80,250,pos3d_finalae_m,attitude_mean_mae_deg,0.6798252742787485
Barcelona + Supra,80,250,pos3d_finalae_m,SlipAngle_mean_rmse,0.5819385992918094
Barcelona + Supra,80,250,speedKmh_rmse,attitude_mean_mae_deg,-0.08615763046380681
Barcelona + Supra,80,250,speedKmh_rmse,SlipAngle_mean_rmse,-0.01959968363615255
Barcelona + Supra,80,250,attitude_mean_mae_deg,SlipAngle_mean_rmse,0.8839321994543449
Barcelona + Supra,80,500,pos3d_rmse_m,pos3d_finalae_m,0.9688356214082545
Barcelona + Supra,80,500,pos3d_rmse_m,speedKmh_rmse,0.7099854153363906
Barcelona + Supra,80,500,pos3d_rmse_m,attitude_mean_mae_deg,0.616693634991583
Barcelona + Supra,80,500,pos3d_rmse_m,SlipAngle_mean_rmse,0.3522218029836884
Barcelona + Supra,80,500,pos3d_finalae_m,speedKmh_rmse,0.7566167934057003
Barcelona + Supra,80,500,pos3d_finalae_m,attitude_mean_mae_deg,0.6116902246473559
Barcelona + Supra,80,500,pos3d_finalae_m,SlipAngle_mean_rmse,0.3316926191443664
Barcelona + Supra,80,500,speedKmh_rmse,attitude_mean_mae_deg,0.2953165815289952
Barcelona + Supra,80,500,speedKmh_rmse,SlipAngle_mean_rmse,0.19455542172171592
Barcelona + Supra,80,500,attitude_mean_mae_deg,SlipAngle_mean_rmse,0.6968251146456145
Barcelona + Supra,85,125,pos3d_rmse_m,pos3d_finalae_m,0.2982538311952168
Barcelona + Supra,85,125,pos3d_rmse_m,speedKmh_rmse,-0.023141362396238464
Barcelona + Supra,85,125,pos3d_rmse_m,attitude_mean_mae_deg,-0.01627822604051779
Barcelona + Supra,85,125,pos3d_rmse_m,SlipAngle_mean_rmse,-0.009539168166250653
Barcelona + Supra,85,125,pos3d_finalae_m,speedKmh_rmse,-0.22758787078423406
Barcelona + Supra,85,125,pos3d_finalae_m,attitude_mean_mae_deg,0.6084416903697684
Barcelona + Supra,85,125,pos3d_finalae_m,SlipAngle_mean_rmse,0.5873984152783421
Barcelona + Supra,85,125,speedKmh_rmse,attitude_mean_mae_deg,-0.4729875341034423
Barcelona + Supra,85,125,speedKmh_rmse,SlipAngle_mean_rmse,-0.423055740987984
Barcelona + Supra,85,125,attitude_mean_mae_deg,SlipAngle_mean_rmse,0.9362098740349452
Barcelona + Supra,85,250,pos3d_rmse_m,pos3d_finalae_m,0.9649743135775236
Barcelona + Supra,85,250,pos3d_rmse_m,speedKmh_rmse,0.24392160561908632
Barcelona + Supra,85,250,pos3d_rmse_m,attitude_mean_mae_deg,0.6931198119231439
Barcelona + Supra,85,250,pos3d_rmse_m,SlipAngle_mean_rmse,0.5315133946711558
Barcelona + Supra,85,250,pos3d_finalae_m,speedKmh_rmse,0.3291381261972485
Barcelona + Supra,85,250,pos3d_finalae_m,attitude_mean_mae_deg,0.6668783015034538
Barcelona + Supra,85,250,pos3d_finalae_m,SlipAngle_mean_rmse,0.5094923666337726
Barcelona + Supra,85,250,speedKmh_rmse,attitude_mean_mae_deg,-0.22748664886515355
Barcelona + Supra,85,250,speedKmh_rmse,SlipAngle_mean_rmse,-0.13493534858071632
Barcelona + Supra,85,250,attitude_mean_mae_deg,SlipAngle_mean_rmse,0.8384857346026586
Barcelona + Supra,85,500,pos3d_rmse_m,pos3d_finalae_m,0.9735984936436989
Barcelona + Supra,85,500,pos3d_rmse_m,speedKmh_rmse,0.5925962878040285
Barcelona + Supra,85,500,pos3d_rmse_m,attitude_mean_mae_deg,0.616170473675045
Barcelona + Supra,85,500,pos3d_rmse_m,SlipAngle_mean_rmse,0.2855793231555117
Barcelona + Supra,85,500,pos3d_finalae_m,speedKmh_rmse,0.6594789429384106
Barcelona + Supra,85,500,pos3d_finalae_m,attitude_mean_mae_deg,0.6208821907470831
Barcelona + Supra,85,500,pos3d_finalae_m,SlipAngle_mean_rmse,0.28500065304463923
Barcelona + Supra,85,500,speedKmh_rmse,attitude_mean_mae_deg,0.25489456957102224
Barcelona + Supra,85,500,speedKmh_rmse,SlipAngle_mean_rmse,0.12265194171939398
Barcelona + Supra,85,500,attitude_mean_mae_deg,SlipAngle_mean_rmse,0.6727346607070297
Barcelona + Supra,90,125,pos3d_rmse_m,pos3d_finalae_m,0.3129576113274494
Barcelona + Supra,90,125,pos3d_rmse_m,speedKmh_rmse,-0.08983886470469156
Barcelona + Supra,90,125,pos3d_rmse_m,attitude_mean_mae_deg,-0.035002813372205156
Barcelona + Supra,90,125,pos3d_rmse_m,SlipAngle_mean_rmse,-0.022145782093563354
Barcelona + Supra,90,125,pos3d_finalae_m,speedKmh_rmse,-0.22247509806953253
Barcelona + Supra,90,125,pos3d_finalae_m,attitude_mean_mae_deg,0.5706739819657263
Barcelona + Supra,90,125,pos3d_finalae_m,SlipAngle_mean_rmse,0.5587121290612582
Barcelona + Supra,90,125,speedKmh_rmse,attitude_mean_mae_deg,-0.38533954134860154
Barcelona + Supra,90,125,speedKmh_rmse,SlipAngle_mean_rmse,-0.344070160561463
Barcelona + Supra,90,125,attitude_mean_mae_deg,SlipAngle_mean_rmse,0.9360291761840471
Barcelona + Supra,90,250,pos3d_rmse_m,pos3d_finalae_m,0.9675402200646837
Barcelona + Supra,90,250,pos3d_rmse_m,speedKmh_rmse,0.30944830807142937
Barcelona + Supra,90,250,pos3d_rmse_m,attitude_mean_mae_deg,0.6471537121370311
Barcelona + Supra,90,250,pos3d_rmse_m,SlipAngle_mean_rmse,0.5454789188362044
Barcelona + Supra,90,250,pos3d_finalae_m,speedKmh_rmse,0.37152803569236853
Barcelona + Supra,90,250,pos3d_finalae_m,attitude_mean_mae_deg,0.6305297906627922
Barcelona + Supra,90,250,pos3d_finalae_m,SlipAngle_mean_rmse,0.5225728089568845
Barcelona + Supra,90,250,speedKmh_rmse,attitude_mean_mae_deg,-0.2175815838090031
Barcelona + Supra,90,250,speedKmh_rmse,SlipAngle_mean_rmse,-0.21005162896641646
Barcelona + Supra,90,250,attitude_mean_mae_deg,SlipAngle_mean_rmse,0.8785273550635121
Barcelona + Supra,90,500,pos3d_rmse_m,pos3d_finalae_m,0.9730936414600206
Barcelona + Supra,90,500,pos3d_rmse_m,speedKmh_rmse,0.5390449836696893
Barcelona + Supra,90,500,pos3d_rmse_m,attitude_mean_mae_deg,0.6618419060158346
Barcelona + Supra,90,500,pos3d_rmse_m,SlipAngle_mean_rmse,0.4107322578228484
Barcelona + Supra,90,500,pos3d_finalae_m,speedKmh_rmse,0.6219790519334163
Barcelona + Supra,90,500,pos3d_finalae_m,attitude_mean_mae_deg,0.6621498626787448
Barcelona + Supra,90,500,pos3d_finalae_m,SlipAngle_mean_rmse,0.3933789317474309
Barcelona + Supra,90,500,speedKmh_rmse,attitude_mean_mae_deg,0.20580463242056807
Barcelona + Supra,90,500,speedKmh_rmse,SlipAngle_mean_rmse,0.08398258737792116
Barcelona + Supra,90,500,attitude_mean_mae_deg,SlipAngle_mean_rmse,0.7293838794569634
Barcelona + Supra,95,125,pos3d_rmse_m,pos3d_finalae_m,0.39742317421707757
Barcelona + Supra,95,125,pos3d_rmse_m,speedKmh_rmse,-0.16363688530208284
Barcelona + Supra,95,125,pos3d_rmse_m,attitude_mean_mae_deg,0.0842248721230679
Barcelona + Supra,95,125,pos3d_rmse_m,SlipAngle_mean_rmse,0.033077287239723224
Barcelona + Supra,95,125,pos3d_finalae_m,speedKmh_rmse,-0.17478963467604777
Barcelona + Supra,95,125,pos3d_finalae_m,attitude_mean_mae_deg,0.6014964270969984
Barcelona + Supra,95,125,pos3d_finalae_m,SlipAngle_mean_rmse,0.5196469018635204
Barcelona + Supra,95,125,speedKmh_rmse,attitude_mean_mae_deg,-0.3044731821072716
Barcelona + Supra,95,125,speedKmh_rmse,SlipAngle_mean_rmse,-0.32661800781368305
Barcelona + Supra,95,125,attitude_mean_mae_deg,SlipAngle_mean_rmse,0.9078444468177015
Barcelona + Supra,95,250,pos3d_rmse_m,pos3d_finalae_m,0.9782058495826167
Barcelona + Supra,95,250,pos3d_rmse_m,speedKmh_rmse,0.20223220761252295
Barcelona + Supra,95,250,pos3d_rmse_m,attitude_mean_mae_deg,0.7280149706468844
Barcelona + Supra,95,250,pos3d_rmse_m,SlipAngle_mean_rmse,0.5716475840863554
Barcelona + Supra,95,250,pos3d_finalae_m,speedKmh_rmse,0.2568655048688076
Barcelona + Supra,95,250,pos3d_finalae_m,attitude_mean_mae_deg,0.7101879141355615
Barcelona + Supra,95,250,pos3d_finalae_m,SlipAngle_mean_rmse,0.5635329578982436
Barcelona + Supra,95,250,speedKmh_rmse,attitude_mean_mae_deg,-0.24120944719228643
Barcelona + Supra,95,250,speedKmh_rmse,SlipAngle_mean_rmse,-0.17775252207261846
Barcelona + Supra,95,250,attitude_mean_mae_deg,SlipAngle_mean_rmse,0.8692140569783585
Barcelona + Supra,95,500,pos3d_rmse_m,pos3d_finalae_m,0.9798973796586017
Barcelona + Supra,95,500,pos3d_rmse_m,speedKmh_rmse,0.5069135633231903
Barcelona + Supra,95,500,pos3d_rmse_m,attitude_mean_mae_deg,0.6824801031622941
Barcelona + Supra,95,500,pos3d_rmse_m,SlipAngle_mean_rmse,0.4161505098340509
Barcelona + Supra,95,500,pos3d_finalae_m,speedKmh_rmse,0.5686285886435402
Barcelona + Supra,95,500,pos3d_finalae_m,attitude_mean_mae_deg,0.6817494233782463
Barcelona + Supra,95,500,pos3d_finalae_m,SlipAngle_mean_rmse,0.41577815643624644
Barcelona + Supra,95,500,speedKmh_rmse,attitude_mean_mae_deg,0.15761419661088272
Barcelona + Supra,95,500,speedKmh_rmse,SlipAngle_mean_rmse,0.17605525367372216
Barcelona + Supra,95,500,attitude_mean_mae_deg,SlipAngle_mean_rmse,0.7253224220185827
Barcelona + Supra,100,125,pos3d_rmse_m,pos3d_finalae_m,0.32596906385676105
Barcelona + Supra,100,125,pos3d_rmse_m,speedKmh_rmse,-0.17318363238484155
Barcelona + Supra,100,125,pos3d_rmse_m,attitude_mean_mae_deg,0.06464035777879001
Barcelona + Supra,100,125,pos3d_rmse_m,SlipAngle_mean_rmse,-0.01741989634863046
Barcelona + Supra,100,125,pos3d_finalae_m,speedKmh_rmse,-0.1688770358384007
Barcelona + Supra,100,125,pos3d_finalae_m,attitude_mean_mae_deg,0.6824354886489965
Barcelona + Supra,100,125,pos3d_finalae_m,SlipAngle_mean_rmse,0.6197939395483807
Barcelona + Supra,100,125,speedKmh_rmse,attitude_mean_mae_deg,-0.2148647658606663
Barcelona + Supra,100,125,speedKmh_rmse,SlipAngle_mean_rmse,-0.18653662996078832
Barcelona + Supra,100,125,attitude_mean_mae_deg,SlipAngle_mean_rmse,0.9376992836142284
Barcelona + Supra,100,250,pos3d_rmse_m,pos3d_finalae_m,0.9746262785208497
Barcelona + Supra,100,250,pos3d_rmse_m,speedKmh_rmse,0.20626431417768534
Barcelona + Supra,100,250,pos3d_rmse_m,attitude_mean_mae_deg,0.736105492503273
Barcelona + Supra,100,250,pos3d_rmse_m,SlipAngle_mean_rmse,0.6191425349672068
Barcelona + Supra,100,250,pos3d_finalae_m,speedKmh_rmse,0.2720537878618959
Barcelona + Supra,100,250,pos3d_finalae_m,attitude_mean_mae_deg,0.7119302598929085
Barcelona + Supra,100,250,pos3d_finalae_m,SlipAngle_mean_rmse,0.5940427538009219
Barcelona + Supra,100,250,speedKmh_rmse,attitude_mean_mae_deg,-0.1590980037396038
Barcelona + Supra,100,250,speedKmh_rmse,SlipAngle_mean_rmse,-0.08882196109410487
Barcelona + Supra,100,250,attitude_mean_mae_deg,SlipAngle_mean_rmse,0.902892140779838
Barcelona + Supra,100,500,pos3d_rmse_m,pos3d_finalae_m,0.9836002127815453
Barcelona + Supra,100,500,pos3d_rmse_m,speedKmh_rmse,0.4835771189761003
Barcelona + Supra,100,500,pos3d_rmse_m,attitude_mean_mae_deg,0.7049519489579119
Barcelona + Supra,100,500,pos3d_rmse_m,SlipAngle_mean_rmse,0.4139843344365271
Barcelona + Supra,100,500,pos3d_finalae_m,speedKmh_rmse,0.5411268821451438
Barcelona + Supra,100,500,pos3d_finalae_m,attitude_mean_mae_deg,0.7130387625542705
Barcelona + Supra,100,500,pos3d_finalae_m,SlipAngle_mean_rmse,0.4212947183670609
Barcelona + Supra,100,500,speedKmh_rmse,attitude_mean_mae_deg,0.1788320586614512
Barcelona + Supra,100,500,speedKmh_rmse,SlipAngle_mean_rmse,0.2505845121791952
Barcelona + Supra,100,500,attitude_mean_mae_deg,SlipAngle_mean_rmse,0.7042232995792149
Silverstone + AE86,80,125,pos3d_rmse_m,pos3d_finalae_m,0.8725881326017509
Silverstone + AE86,80,125,pos3d_rmse_m,speedKmh_rmse,-0.3827979525028541
Silverstone + AE86,80,125,pos3d_rmse_m,attitude_mean_mae_deg,-0.06708116476525262
Silverstone + AE86,80,125,pos3d_rmse_m,SlipAngle_mean_rmse,0.01933841405920939
Silverstone + AE86,80,125,pos3d_finalae_m,speedKmh_rmse,-0.4487905516114498
Silverstone + AE86,80,125,pos3d_finalae_m,attitude_mean_mae_deg,0.10408618639541357
Silverstone + AE86,80,125,pos3d_finalae_m,SlipAngle_mean_rmse,0.18472925316943117
Silverstone + AE86,80,125,speedKmh_rmse,attitude_mean_mae_deg,0.08055272937512492
Silverstone + AE86,80,125,speedKmh_rmse,SlipAngle_mean_rmse,0.0009378151222547311
Silverstone + AE86,80,125,attitude_mean_mae_deg,SlipAngle_mean_rmse,0.9683034297722707
Silverstone + AE86,80,250,pos3d_rmse_m,pos3d_finalae_m,0.778366225556676
Silverstone + AE86,80,250,pos3d_rmse_m,speedKmh_rmse,0.008002199715663037
Silverstone + AE86,80,250,pos3d_rmse_m,attitude_mean_mae_deg,0.4281484559644703
Silverstone + AE86,80,250,pos3d_rmse_m,SlipAngle_mean_rmse,0.4815779459308083
Silverstone + AE86,80,250,pos3d_finalae_m,speedKmh_rmse,0.31939634291624935
Silverstone + AE86,80,250,pos3d_finalae_m,attitude_mean_mae_deg,0.7337824607681614
Silverstone + AE86,80,250,pos3d_finalae_m,SlipAngle_mean_rmse,0.6884754321797624
Silverstone + AE86,80,250,speedKmh_rmse,attitude_mean_mae_deg,0.396779358807727
Silverstone + AE86,80,250,speedKmh_rmse,SlipAngle_mean_rmse,0.34026823432166214
Silverstone + AE86,80,250,attitude_mean_mae_deg,SlipAngle_mean_rmse,0.9320696636851561
Silverstone + AE86,80,500,pos3d_rmse_m,pos3d_finalae_m,0.9318042975759088
Silverstone + AE86,80,500,pos3d_rmse_m,speedKmh_rmse,0.6457960926816544
Silverstone + AE86,80,500,pos3d_rmse_m,attitude_mean_mae_deg,0.71065552204289
Silverstone + AE86,80,500,pos3d_rmse_m,SlipAngle_mean_rmse,0.6398180153099307
Silverstone + AE86,80,500,pos3d_finalae_m,speedKmh_rmse,0.7167967713413635
Silverstone + AE86,80,500,pos3d_finalae_m,attitude_mean_mae_deg,0.6812930443590505
Silverstone + AE86,80,500,pos3d_finalae_m,SlipAngle_mean_rmse,0.571788872465048
Silverstone + AE86,80,500,speedKmh_rmse,attitude_mean_mae_deg,0.5161574084007006
Silverstone + AE86,80,500,speedKmh_rmse,SlipAngle_mean_rmse,0.461086600818231
Silverstone + AE86,80,500,attitude_mean_mae_deg,SlipAngle_mean_rmse,0.9281100625699409
Silverstone + AE86,85,125,pos3d_rmse_m,pos3d_finalae_m,0.8989036088571123
Silverstone + AE86,85,125,pos3d_rmse_m,speedKmh_rmse,-0.24661441319142582
Silverstone + AE86,85,125,pos3d_rmse_m,attitude_mean_mae_deg,0.0019272086923465461
Silverstone + AE86,85,125,pos3d_rmse_m,SlipAngle_mean_rmse,0.09215657829391204
Silverstone + AE86,85,125,pos3d_finalae_m,speedKmh_rmse,-0.33318102737165795
Silverstone + AE86,85,125,pos3d_finalae_m,attitude_mean_mae_deg,0.16274377336872903
Silverstone + AE86,85,125,pos3d_finalae_m,SlipAngle_mean_rmse,0.2502999350890699
Silverstone + AE86,85,125,speedKmh_rmse,attitude_mean_mae_deg,0.05919442676659915
Silverstone + AE86,85,125,speedKmh_rmse,SlipAngle_mean_rmse,0.0013892845078893783
Silverstone + AE86,85,125,attitude_mean_mae_deg,SlipAngle_mean_rmse,0.966580930587661
Silverstone + AE86,85,250,pos3d_rmse_m,pos3d_finalae_m,0.7564384124459561
Silverstone + AE86,85,250,pos3d_rmse_m,speedKmh_rmse,-0.06562463269202463
Silverstone + AE86,85,250,pos3d_rmse_m,attitude_mean_mae_deg,0.38006990896586196
Silverstone + AE86,85,250,pos3d_rmse_m,SlipAngle_mean_rmse,0.42855615007237624
Silverstone + AE86,85,250,pos3d_finalae_m,speedKmh_rmse,0.2573220693985732
Silverstone + AE86,85,250,pos3d_finalae_m,attitude_mean_mae_deg,0.7158261954253149
Silverstone + AE86,85,250,pos3d_finalae_m,SlipAngle_mean_rmse,0.6662773422733227
Silverstone + AE86,85,250,speedKmh_rmse,attitude_mean_mae_deg,0.39992121740290626
Silverstone + AE86,85,250,speedKmh_rmse,SlipAngle_mean_rmse,0.2996248296485174
Silverstone + AE86,85,250,attitude_mean_mae_deg,SlipAngle_mean_rmse,0.9183991249201849
Silverstone + AE86,85,500,pos3d_rmse_m,pos3d_finalae_m,0.9058452663201221
Silverstone + AE86,85,500,pos3d_rmse_m,speedKmh_rmse,0.6701074048228927
Silverstone + AE86,85,500,pos3d_rmse_m,attitude_mean_mae_deg,0.711641399407648
Silverstone + AE86,85,500,pos3d_rmse_m,SlipAngle_mean_rmse,0.6351132129216166
Silverstone + AE86,85,500,pos3d_finalae_m,speedKmh_rmse,0.7174643228138095
Silverstone + AE86,85,500,pos3d_finalae_m,attitude_mean_mae_deg,0.64769195580974
Silverstone + AE86,85,500,pos3d_finalae_m,SlipAngle_mean_rmse,0.5354002823043063
Silverstone + AE86,85,500,speedKmh_rmse,attitude_mean_mae_deg,0.5485053014122627
Silverstone + AE86,85,500,speedKmh_rmse,SlipAngle_mean_rmse,0.48082586186996423
Silverstone + AE86,85,500,attitude_mean_mae_deg,SlipAngle_mean_rmse,0.9369204475783353
Silverstone + AE86,90,125,pos3d_rmse_m,pos3d_finalae_m,0.8916524378675773
Silverstone + AE86,90,125,pos3d_rmse_m,speedKmh_rmse,-0.22637146651489282
Silverstone + AE86,90,125,pos3d_rmse_m,attitude_mean_mae_deg,-0.031656232214001136
Silverstone + AE86,90,125,pos3d_rmse_m,SlipAngle_mean_rmse,0.019399734395750334
Silverstone + AE86,90,125,pos3d_finalae_m,speedKmh_rmse,-0.32433693796243596
Silverstone + AE86,90,125,pos3d_finalae_m,attitude_mean_mae_deg,0.13968127490039842
Silverstone + AE86,90,125,pos3d_finalae_m,SlipAngle_mean_rmse,0.1991789034338835
Silverstone + AE86,90,125,speedKmh_rmse,attitude_mean_mae_deg,0.0650176437108708
Silverstone + AE86,90,125,speedKmh_rmse,SlipAngle_mean_rmse,-0.018815405046480743
Silverstone + AE86,90,125,attitude_mean_mae_deg,SlipAngle_mean_rmse,0.9604022007209259
Silverstone + AE86,90,250,pos3d_rmse_m,pos3d_finalae_m,0.755915765509391
Silverstone + AE86,90,250,pos3d_rmse_m,speedKmh_rmse,0.03437753746917094
Silverstone + AE86,90,250,pos3d_rmse_m,attitude_mean_mae_deg,0.43628457598178716
Silverstone + AE86,90,250,pos3d_rmse_m,SlipAngle_mean_rmse,0.41633314361601215
Silverstone + AE86,90,250,pos3d_finalae_m,speedKmh_rmse,0.28876645797761336
Silverstone + AE86,90,250,pos3d_finalae_m,attitude_mean_mae_deg,0.7162435970404097
Silverstone + AE86,90,250,pos3d_finalae_m,SlipAngle_mean_rmse,0.6365038892050844
Silverstone + AE86,90,250,speedKmh_rmse,attitude_mean_mae_deg,0.2976148738379814
Silverstone + AE86,90,250,speedKmh_rmse,SlipAngle_mean_rmse,0.23107797381900969
Silverstone + AE86,90,250,attitude_mean_mae_deg,SlipAngle_mean_rmse,0.9199673686207551
Silverstone + AE86,90,500,pos3d_rmse_m,pos3d_finalae_m,0.931747296528173
Silverstone + AE86,90,500,pos3d_rmse_m,speedKmh_rmse,0.6743858850313034
Silverstone + AE86,90,500,pos3d_rmse_m,attitude_mean_mae_deg,0.6967535571997724
Silverstone + AE86,90,500,pos3d_rmse_m,SlipAngle_mean_rmse,0.6140314930753178
Silverstone + AE86,90,500,pos3d_finalae_m,speedKmh_rmse,0.7392297476759628
Silverstone + AE86,90,500,pos3d_finalae_m,attitude_mean_mae_deg,0.6765205843293493
Silverstone + AE86,90,500,pos3d_finalae_m,SlipAngle_mean_rmse,0.5703813318155948
Silverstone + AE86,90,500,speedKmh_rmse,attitude_mean_mae_deg,0.5367034718269778
Silverstone + AE86,90,500,speedKmh_rmse,SlipAngle_mean_rmse,0.4571443748814267
Silverstone + AE86,90,500,attitude_mean_mae_deg,SlipAngle_mean_rmse,0.9371193321950294
Silverstone + AE86,95,125,pos3d_rmse_m,pos3d_finalae_m,0.8445045562879392
Silverstone + AE86,95,125,pos3d_rmse_m,speedKmh_rmse,-0.3429020471345291
Silverstone + AE86,95,125,pos3d_rmse_m,attitude_mean_mae_deg,-0.10933844207806878
Silverstone + AE86,95,125,pos3d_rmse_m,SlipAngle_mean_rmse,-0.08869814911907195
Silverstone + AE86,95,125,pos3d_finalae_m,speedKmh_rmse,-0.3499947320745589
Silverstone + AE86,95,125,pos3d_finalae_m,attitude_mean_mae_deg,0.14409054098788876
Silverstone + AE86,95,125,pos3d_finalae_m,SlipAngle_mean_rmse,0.17801909794413756
Silverstone + AE86,95,125,speedKmh_rmse,attitude_mean_mae_deg,0.21511776151197565
Silverstone + AE86,95,125,speedKmh_rmse,SlipAngle_mean_rmse,0.14325889453363896
Silverstone + AE86,95,125,attitude_mean_mae_deg,SlipAngle_mean_rmse,0.9707695597448205
Silverstone + AE86,95,250,pos3d_rmse_m,pos3d_finalae_m,0.8002253051188649
Silverstone + AE86,95,250,pos3d_rmse_m,speedKmh_rmse,-0.01951376736467198
Silverstone + AE86,95,250,pos3d_rmse_m,attitude_mean_mae_deg,0.4623399439043868
Silverstone + AE86,95,250,pos3d_rmse_m,SlipAngle_mean_rmse,0.45549164083097315
Silverstone + AE86,95,250,pos3d_finalae_m,speedKmh_rmse,0.2066086592225789
Silverstone + AE86,95,250,pos3d_finalae_m,attitude_mean_mae_deg,0.7443634756338187
Silverstone + AE86,95,250,pos3d_finalae_m,SlipAngle_mean_rmse,0.6737458441055655
Silverstone + AE86,95,250,speedKmh_rmse,attitude_mean_mae_deg,0.3081817428042944
Silverstone + AE86,95,250,speedKmh_rmse,SlipAngle_mean_rmse,0.22782748884540166
Silverstone + AE86,95,250,attitude_mean_mae_deg,SlipAngle_mean_rmse,0.9244436104428362
Silverstone + AE86,95,500,pos3d_rmse_m,pos3d_finalae_m,0.9281891366026058
Silverstone + AE86,95,500,pos3d_rmse_m,speedKmh_rmse,0.5719333660422669
Silverstone + AE86,95,500,pos3d_rmse_m,attitude_mean_mae_deg,0.729817143761997
Silverstone + AE86,95,500,pos3d_rmse_m,SlipAngle_mean_rmse,0.64626784626635
Silverstone + AE86,95,500,pos3d_finalae_m,speedKmh_rmse,0.6646881294625406
Silverstone + AE86,95,500,pos3d_finalae_m,attitude_mean_mae_deg,0.732432403788667
Silverstone + AE86,95,500,pos3d_finalae_m,SlipAngle_mean_rmse,0.6247373050789659
Silverstone + AE86,95,500,speedKmh_rmse,attitude_mean_mae_deg,0.5686616414606305
Silverstone + AE86,95,500,speedKmh_rmse,SlipAngle_mean_rmse,0.48779181657395326
Silverstone + AE86,95,500,attitude_mean_mae_deg,SlipAngle_mean_rmse,0.9373665484864222
Silverstone + AE86,100,125,pos3d_rmse_m,pos3d_finalae_m,0.8127119724001404
Silverstone + AE86,100,125,pos3d_rmse_m,speedKmh_rmse,-0.36195349699687684
Silverstone + AE86,100,125,pos3d_rmse_m,attitude_mean_mae_deg,-0.07822853201955428
Silverstone + AE86,100,125,pos3d_rmse_m,SlipAngle_mean_rmse,-0.06944121630403537
Silverstone + AE86,100,125,pos3d_finalae_m,speedKmh_rmse,-0.3516886455400224
Silverstone + AE86,100,125,pos3d_finalae_m,attitude_mean_mae_deg,0.2532644437585969
Silverstone + AE86,100,125,pos3d_finalae_m,SlipAngle_mean_rmse,0.2504262203746675
Silverstone + AE86,100,125,speedKmh_rmse,attitude_mean_mae_deg,0.20984182747039531
Silverstone + AE86,100,125,speedKmh_rmse,SlipAngle_mean_rmse,0.19849486101215008
Silverstone + AE86,100,125,attitude_mean_mae_deg,SlipAngle_mean_rmse,0.9744813913052314
Silverstone + AE86,100,250,pos3d_rmse_m,pos3d_finalae_m,0.7778929324258131
Silverstone + AE86,100,250,pos3d_rmse_m,speedKmh_rmse,-0.026831456354906625
Silverstone + AE86,100,250,pos3d_rmse_m,attitude_mean_mae_deg,0.5472720414251911
Silverstone + AE86,100,250,pos3d_rmse_m,SlipAngle_mean_rmse,0.5497334720269462
Silverstone + AE86,100,250,pos3d_finalae_m,speedKmh_rmse,0.2573829158765661
Silverstone + AE86,100,250,pos3d_finalae_m,attitude_mean_mae_deg,0.8062633121101623
Silverstone + AE86,100,250,pos3d_finalae_m,SlipAngle_mean_rmse,0.7595359267684176
Silverstone + AE86,100,250,speedKmh_rmse,attitude_mean_mae_deg,0.40650564490624846
Silverstone + AE86,100,250,speedKmh_rmse,SlipAngle_mean_rmse,0.36616510890369813
Silverstone + AE86,100,250,attitude_mean_mae_deg,SlipAngle_mean_rmse,0.9429586531309152
Silverstone + AE86,100,500,pos3d_rmse_m,pos3d_finalae_m,0.9483954766238182
Silverstone + AE86,100,500,pos3d_rmse_m,speedKmh_rmse,0.584849712600247
Silverstone + AE86,100,500,pos3d_rmse_m,attitude_mean_mae_deg,0.8337514039764763
Silverstone + AE86,100,500,pos3d_rmse_m,SlipAngle_mean_rmse,0.7648186462470381
Silverstone + AE86,100,500,pos3d_finalae_m,speedKmh_rmse,0.6330893494228085
Silverstone + AE86,100,500,pos3d_finalae_m,attitude_mean_mae_deg,0.8236821460762113
Silverstone + AE86,100,500,pos3d_finalae_m,SlipAngle_mean_rmse,0.7308344774709669
Silverstone + AE86,100,500,speedKmh_rmse,attitude_mean_mae_deg,0.5956767896916269
Silverstone + AE86,100,500,speedKmh_rmse,SlipAngle_mean_rmse,0.5222284456535683
Silverstone + AE86,100,500,attitude_mean_mae_deg,SlipAngle_mean_rmse,0.9267921259622505
Silverstone + Supra,80,125,pos3d_rmse_m,pos3d_finalae_m,0.4385977489425765
Silverstone + Supra,80,125,pos3d_rmse_m,speedKmh_rmse,-0.07267699681492786
Silverstone + Supra,80,125,pos3d_rmse_m,attitude_mean_mae_deg,-0.08297505538884849
Silverstone + Supra,80,125,pos3d_rmse_m,SlipAngle_mean_rmse,-0.020470489436006677
Silverstone + Supra,80,125,pos3d_finalae_m,speedKmh_rmse,-0.16386769490217767
Silverstone + Supra,80,125,pos3d_finalae_m,attitude_mean_mae_deg,0.6008309180722974
Silverstone + Supra,80,125,pos3d_finalae_m,SlipAngle_mean_rmse,0.623965534310362
Silverstone + Supra,80,125,speedKmh_rmse,attitude_mean_mae_deg,-0.13029915098880615
Silverstone + Supra,80,125,speedKmh_rmse,SlipAngle_mean_rmse,-0.17505470608918886
Silverstone + Supra,80,125,attitude_mean_mae_deg,SlipAngle_mean_rmse,0.9711616125409229
Silverstone + Supra,80,250,pos3d_rmse_m,pos3d_finalae_m,0.9314222900429797
Silverstone + Supra,80,250,pos3d_rmse_m,speedKmh_rmse,0.4345134827893449
Silverstone + Supra,80,250,pos3d_rmse_m,attitude_mean_mae_deg,0.6886856542028956
Silverstone + Supra,80,250,pos3d_rmse_m,SlipAngle_mean_rmse,0.6231714852404507
Silverstone + Supra,80,250,pos3d_finalae_m,speedKmh_rmse,0.49909705082118877
Silverstone + Supra,80,250,pos3d_finalae_m,attitude_mean_mae_deg,0.702879537362296
Silverstone + Supra,80,250,pos3d_finalae_m,SlipAngle_mean_rmse,0.6327273844515224
Silverstone + Supra,80,250,speedKmh_rmse,attitude_mean_mae_deg,0.09046560770698701
Silverstone + Supra,80,250,speedKmh_rmse,SlipAngle_mean_rmse,0.10108661143143902
Silverstone + Supra,80,250,attitude_mean_mae_deg,SlipAngle_mean_rmse,0.924676628124904
Silverstone + Supra,80,500,pos3d_rmse_m,pos3d_finalae_m,0.9764318316042454
Silverstone + Supra,80,500,pos3d_rmse_m,speedKmh_rmse,0.687709991158267
Silverstone + Supra,80,500,pos3d_rmse_m,attitude_mean_mae_deg,0.7366351573248126
Silverstone + Supra,80,500,pos3d_rmse_m,SlipAngle_mean_rmse,0.5890703890703891
Silverstone + Supra,80,500,pos3d_finalae_m,speedKmh_rmse,0.7249708973846904
Silverstone + Supra,80,500,pos3d_finalae_m,attitude_mean_mae_deg,0.7391490770801116
Silverstone + Supra,80,500,pos3d_finalae_m,SlipAngle_mean_rmse,0.5734392975772286
Silverstone + Supra,80,500,speedKmh_rmse,attitude_mean_mae_deg,0.46217342769066905
Silverstone + Supra,80,500,speedKmh_rmse,SlipAngle_mean_rmse,0.4071990140955658
Silverstone + Supra,80,500,attitude_mean_mae_deg,SlipAngle_mean_rmse,0.8333562057699989
Silverstone + Supra,85,125,pos3d_rmse_m,pos3d_finalae_m,0.3149601827429105
Silverstone + Supra,85,125,pos3d_rmse_m,speedKmh_rmse,0.01687433179665344
Silverstone + Supra,85,125,pos3d_rmse_m,attitude_mean_mae_deg,-0.03559844877663573
Silverstone + Supra,85,125,pos3d_rmse_m,SlipAngle_mean_rmse,-0.014404345733144149
Silverstone + Supra,85,125,pos3d_finalae_m,speedKmh_rmse,-0.09142644399531964
Silverstone + Supra,85,125,pos3d_finalae_m,attitude_mean_mae_deg,0.5881794039220494
Silverstone + Supra,85,125,pos3d_finalae_m,SlipAngle_mean_rmse,0.6070585711220768
Silverstone + Supra,85,125,speedKmh_rmse,attitude_mean_mae_deg,-0.11684927135411126
Silverstone + Supra,85,125,speedKmh_rmse,SlipAngle_mean_rmse,-0.18040904411539344
Silverstone + Supra,85,125,attitude_mean_mae_deg,SlipAngle_mean_rmse,0.9608029437906894
Silverstone + Supra,85,250,pos3d_rmse_m,pos3d_finalae_m,0.9622569903309962
Silverstone + Supra,85,250,pos3d_rmse_m,speedKmh_rmse,0.6316015786275893
Silverstone + Supra,85,250,pos3d_rmse_m,attitude_mean_mae_deg,0.6590562850327859
Silverstone + Supra,85,250,pos3d_rmse_m,SlipAngle_mean_rmse,0.5892764743743453
Silverstone + Supra,85,250,pos3d_finalae_m,speedKmh_rmse,0.6940354343840089
Silverstone + Supra,85,250,pos3d_finalae_m,attitude_mean_mae_deg,0.6429436825148425
Silverstone + Supra,85,250,pos3d_finalae_m,SlipAngle_mean_rmse,0.5710355371498524
Silverstone + Supra,85,250,speedKmh_rmse,attitude_mean_mae_deg,0.16420178884684103
Silverstone + Supra,85,250,speedKmh_rmse,SlipAngle_mean_rmse,0.1852832100443696
Silverstone + Supra,85,250,attitude_mean_mae_deg,SlipAngle_mean_rmse,0.9038742723006388
Silverstone + Supra,85,500,pos3d_rmse_m,pos3d_finalae_m,0.9800832583623451
Silverstone + Supra,85,500,pos3d_rmse_m,speedKmh_rmse,0.728663917830595
Silverstone + Supra,85,500,pos3d_rmse_m,attitude_mean_mae_deg,0.7293102608990388
Silverstone + Supra,85,500,pos3d_rmse_m,SlipAngle_mean_rmse,0.6286646389944092
Silverstone + Supra,85,500,pos3d_finalae_m,speedKmh_rmse,0.774282036350262
Silverstone + Supra,85,500,pos3d_finalae_m,attitude_mean_mae_deg,0.7340194606055251
Silverstone + Supra,85,500,pos3d_finalae_m,SlipAngle_mean_rmse,0.6088569733836465
Silverstone + Supra,85,500,speedKmh_rmse,attitude_mean_mae_deg,0.4583266475438062
Silverstone + Supra,85,500,speedKmh_rmse,SlipAngle_mean_rmse,0.45805981693256576
Silverstone + Supra,85,500,attitude_mean_mae_deg,SlipAngle_mean_rmse,0.8340007103463569
Silverstone + Supra,90,125,pos3d_rmse_m,pos3d_finalae_m,0.23488215281821803
Silverstone + Supra,90,125,pos3d_rmse_m,speedKmh_rmse,-0.16751012784431515
Silverstone + Supra,90,125,pos3d_rmse_m,attitude_mean_mae_deg,-0.06617759740669492
Silverstone + Supra,90,125,pos3d_rmse_m,SlipAngle_mean_rmse,-0.019710308495850603
Silverstone + Supra,90,125,pos3d_finalae_m,speedKmh_rmse,-0.26103515853885
Silverstone + Supra,90,125,pos3d_finalae_m,attitude_mean_mae_deg,0.6090030090560146
Silverstone + Supra,90,125,pos3d_finalae_m,SlipAngle_mean_rmse,0.6366470209624292
Silverstone + Supra,90,125,speedKmh_rmse,attitude_mean_mae_deg,-0.2626992440400318
Silverstone + Supra,90,125,speedKmh_rmse,SlipAngle_mean_rmse,-0.27948252890514713
Silverstone + Supra,90,125,attitude_mean_mae_deg,SlipAngle_mean_rmse,0.9515864702456824
Silverstone + Supra,90,250,pos3d_rmse_m,pos3d_finalae_m,0.9529296378495616
Silverstone + Supra,90,250,pos3d_rmse_m,speedKmh_rmse,0.5874077586408947
Silverstone + Supra,90,250,pos3d_rmse_m,attitude_mean_mae_deg,0.6116388627967815
Silverstone + Supra,90,250,pos3d_rmse_m,SlipAngle_mean_rmse,0.5669456368687789
Silverstone + Supra,90,250,pos3d_finalae_m,speedKmh_rmse,0.6784718178195973
Silverstone + Supra,90,250,pos3d_finalae_m,attitude_mean_mae_deg,0.5752399221864245
Silverstone + Supra,90,250,pos3d_finalae_m,SlipAngle_mean_rmse,0.5326858484221837
Silverstone + Supra,90,250,speedKmh_rmse,attitude_mean_mae_deg,0.022587752114362158
Silverstone + Supra,90,250,speedKmh_rmse,SlipAngle_mean_rmse,0.053017259252982465
Silverstone + Supra,90,250,attitude_mean_mae_deg,SlipAngle_mean_rmse,0.9019045936332053
Silverstone + Supra,90,500,pos3d_rmse_m,pos3d_finalae_m,0.9787283718464859
Silverstone + Supra,90,500,pos3d_rmse_m,speedKmh_rmse,0.7872125035382099
Silverstone + Supra,90,500,pos3d_rmse_m,attitude_mean_mae_deg,0.7266635897010596
Silverstone + Supra,90,500,pos3d_rmse_m,SlipAngle_mean_rmse,0.6510062939571881
Silverstone + Supra,90,500,pos3d_finalae_m,speedKmh_rmse,0.8339962030725184
Silverstone + Supra,90,500,pos3d_finalae_m,attitude_mean_mae_deg,0.7153214858138063
Silverstone + Supra,90,500,pos3d_finalae_m,SlipAngle_mean_rmse,0.6245747387133356
Silverstone + Supra,90,500,speedKmh_rmse,attitude_mean_mae_deg,0.47556065979277357
Silverstone + Supra,90,500,speedKmh_rmse,SlipAngle_mean_rmse,0.49305248810530433
Silverstone + Supra,90,500,attitude_mean_mae_deg,SlipAngle_mean_rmse,0.8471394135856445
Silverstone + Supra,95,125,pos3d_rmse_m,pos3d_finalae_m,0.2367570618099472
Silverstone + Supra,95,125,pos3d_rmse_m,speedKmh_rmse,-0.16832047156026755
Silverstone + Supra,95,125,pos3d_rmse_m,attitude_mean_mae_deg,0.04585864852799867
Silverstone + Supra,95,125,pos3d_rmse_m,SlipAngle_mean_rmse,0.04835459950623965
Silverstone + Supra,95,125,pos3d_finalae_m,speedKmh_rmse,-0.215326064751413
Silverstone + Supra,95,125,pos3d_finalae_m,attitude_mean_mae_deg,0.6759296059931308
Silverstone + Supra,95,125,pos3d_finalae_m,SlipAngle_mean_rmse,0.6798061632364402
Silverstone + Supra,95,125,speedKmh_rmse,attitude_mean_mae_deg,-0.24416925289261937
Silverstone + Supra,95,125,speedKmh_rmse,SlipAngle_mean_rmse,-0.30752848779997144
Silverstone + Supra,95,125,attitude_mean_mae_deg,SlipAngle_mean_rmse,0.9667586329060516
Silverstone + Supra,95,250,pos3d_rmse_m,pos3d_finalae_m,0.9668485369890767
Silverstone + Supra,95,250,pos3d_rmse_m,speedKmh_rmse,0.5025526973672791
Silverstone + Supra,95,250,pos3d_rmse_m,attitude_mean_mae_deg,0.6443430081105055
Silverstone + Supra,95,250,pos3d_rmse_m,SlipAngle_mean_rmse,0.5993197554430914
Silverstone + Supra,95,250,pos3d_finalae_m,speedKmh_rmse,0.5803633460163368
Silverstone + Supra,95,250,pos3d_finalae_m,attitude_mean_mae_deg,0.6113099336445558
Silverstone + Supra,95,250,pos3d_finalae_m,SlipAngle_mean_rmse,0.5632913617753653
Silverstone + Supra,95,250,speedKmh_rmse,attitude_mean_mae_deg,-0.013489618081224333
Silverstone + Supra,95,250,speedKmh_rmse,SlipAngle_mean_rmse,-0.038827437123888274
Silverstone + Supra,95,250,attitude_mean_mae_deg,SlipAngle_mean_rmse,0.9285939045921848
Silverstone + Supra,95,500,pos3d_rmse_m,pos3d_finalae_m,0.9861796951183418
Silverstone + Supra,95,500,pos3d_rmse_m,speedKmh_rmse,0.7482187197213508
Silverstone + Supra,95,500,pos3d_rmse_m,attitude_mean_mae_deg,0.7709475400774154
Silverstone + Supra,95,500,pos3d_rmse_m,SlipAngle_mean_rmse,0.6509558539797466
Silverstone + Supra,95,500,pos3d_finalae_m,speedKmh_rmse,0.7717522261274617
Silverstone + Supra,95,500,pos3d_finalae_m,attitude_mean_mae_deg,0.7737950961328337
Silverstone + Supra,95,500,pos3d_finalae_m,SlipAngle_mean_rmse,0.6454877274250626
Silverstone + Supra,95,500,speedKmh_rmse,attitude_mean_mae_deg,0.4987420104422257
Silverstone + Supra,95,500,speedKmh_rmse,SlipAngle_mean_rmse,0.4925493103867255
Silverstone + Supra,95,500,attitude_mean_mae_deg,SlipAngle_mean_rmse,0.8788422312413128
Silverstone + Supra,100,125,pos3d_rmse_m,pos3d_finalae_m,0.35238842622250693
Silverstone + Supra,100,125,pos3d_rmse_m,speedKmh_rmse,-0.31237347853939784
Silverstone + Supra,100,125,pos3d_rmse_m,attitude_mean_mae_deg,0.1534742686312193
Silverstone + Supra,100,125,pos3d_rmse_m,SlipAngle_mean_rmse,0.17746636771300447
Silverstone + Supra,100,125,pos3d_finalae_m,speedKmh_rmse,-0.347685244501388
Silverstone + Supra,100,125,pos3d_finalae_m,attitude_mean_mae_deg,0.7163677130044843
Silverstone + Supra,100,125,pos3d_finalae_m,SlipAngle_mean_rmse,0.7247021140294683
Silverstone + Supra,100,125,speedKmh_rmse,attitude_mean_mae_deg,-0.20694319880418535
Silverstone + Supra,100,125,speedKmh_rmse,SlipAngle_mean_rmse,-0.24822976724322016
Silverstone + Supra,100,125,attitude_mean_mae_deg,SlipAngle_mean_rmse,0.9617990604313474
Silverstone + Supra,100,250,pos3d_rmse_m,pos3d_finalae_m,0.966411488362161
Silverstone + Supra,100,250,pos3d_rmse_m,speedKmh_rmse,0.3072272047832586
Silverstone + Supra,100,250,pos3d_rmse_m,attitude_mean_mae_deg,0.7358477471706171
Silverstone + Supra,100,250,pos3d_rmse_m,SlipAngle_mean_rmse,0.6710538116591929
Silverstone + Supra,100,250,pos3d_finalae_m,speedKmh_rmse,0.4112406576980568
Silverstone + Supra,100,250,pos3d_finalae_m,attitude_mean_mae_deg,0.6804174674354047
Silverstone + Supra,100,250,pos3d_finalae_m,SlipAngle_mean_rmse,0.6102722613709161
Silverstone + Supra,100,250,speedKmh_rmse,attitude_mean_mae_deg,-0.0790796497971386
Silverstone + Supra,100,250,speedKmh_rmse,SlipAngle_mean_rmse,-0.06441810805039505
Silverstone + Supra,100,250,attitude_mean_mae_deg,SlipAngle_mean_rmse,0.9333408071748879
Silverstone + Supra,100,500,pos3d_rmse_m,pos3d_finalae_m,0.9873104847320094
Silverstone + Supra,100,500,pos3d_rmse_m,speedKmh_rmse,0.6249487508007687
Silverstone + Supra,100,500,pos3d_rmse_m,attitude_mean_mae_deg,0.7812342515481528
Silverstone + Supra,100,500,pos3d_rmse_m,SlipAngle_mean_rmse,0.6785500747384156
Silverstone + Supra,100,500,pos3d_finalae_m,speedKmh_rmse,0.6541928251121076
Silverstone + Supra,100,500,pos3d_finalae_m,attitude_mean_mae_deg,0.7867456758488148
Silverstone + Supra,100,500,pos3d_finalae_m,SlipAngle_mean_rmse,0.6740582959641256
Silverstone + Supra,100,500,speedKmh_rmse,attitude_mean_mae_deg,0.3784080717488789
Silverstone + Supra,100,500,speedKmh_rmse,SlipAngle_mean_rmse,0.4256075165492206
Silverstone + Supra,100,500,attitude_mean_mae_deg,SlipAngle_mean_rmse,0.8832650010676917
