horizon_frames,threshold_frames,threshold_ms,trigger_count,trigger_rate,selected_slip_min_deg,selected_slip_median_deg,selected_slip_mean_deg,total_requests
80,1,3.003003003003003,59,0.05090595340811044,9.31087118787907,9.593423307237805,9.604189421858516,1159
80,2,6.006006006006006,59,0.05090595340811044,9.31087118787907,9.593423307237805,9.604189421858516,1159
80,3,9.00900900900901,58,0.05004314063848145,9.3129595182178,9.597795055193435,9.609246632789198,1159
80,4,12.012012012012011,55,0.04745470232959448,9.323244929334194,9.61545152108474,9.624631528176595,1159
80,5,15.015015015015015,54,0.04659188955996549,9.323244929334194,9.616490990499052,9.630206168458667,1159
80,6,18.01801801801802,53,0.0457290767903365,9.323244929334194,9.617530459913365,9.635603349873394,1159
80,7,21.021021021021024,50,0.04314063848144953,9.390947471934652,9.624596717496564,9.65277302367205,1159
80,8,24.024024024024023,48,0.04141501294219154,9.390947471934652,9.627488875723241,9.662632778110847,1159
80,9,27.027027027027028,45,0.03882657463330457,9.403602104919392,9.638084206673224,9.679979429704472,1159
80,10,30.03003003003003,42,0.0362381363244176,9.435072201520228,9.644724431206946,9.698590535144756,1159
80,11,33.03303303303303,42,0.0362381363244176,9.435072201520228,9.644724431206946,9.698590535144756,1159
80,12,36.03603603603604,42,0.0362381363244176,9.435072201520228,9.644724431206946,9.698590535144756,1159
80,13,39.03903903903904,42,0.0362381363244176,9.435072201520228,9.644724431206946,9.698590535144756,1159
80,14,42.04204204204205,40,0.03451251078515962,9.435072201520228,9.654844210235966,9.708931645843993,1159
80,15,45.04504504504504,39,0.03364969801553063,9.435072201520228,9.66350190189578,9.71132857211987,1159
80,16,48.048048048048045,36,0.031061259706643658,9.453052674510284,9.671793324661351,9.73309998800246,1159
80,17,51.051051051051054,36,0.031061259706643658,9.453052674510284,9.671793324661351,9.73309998800246,1159
80,18,54.054054054054056,34,0.029335634167385678,9.453052674510284,9.671793324661351,9.738334885768849,1159
80,19,57.05705705705706,32,0.027610008628127698,9.453052674510284,9.689022903729533,9.746778369701351,1159
80,20,60.06006006006006,31,0.026747195858498704,9.453052674510284,9.701972088622233,9.749335319353467,1159
80,21,63.063063063063055,31,0.026747195858498704,9.453052674510284,9.701972088622233,9.749335319353467,1159
80,22,66.06606606606606,28,0.024158757549611734,9.453052674510284,9.761996644821949,9.762411365370616,1159
80,23,69.06906906906907,28,0.024158757549611734,9.453052674510284,9.761996644821949,9.762411365370616,1159
80,24,72.07207207207207,27,0.023295944779982744,9.453052674510284,9.77776499029457,9.76301073818622,1159
80,25,75.07507507507508,26,0.022433132010353754,9.453052674510284,9.781256924507739,9.767815604782871,1159
80,26,78.07807807807808,26,0.022433132010353754,9.453052674510284,9.781256924507739,9.767815604782871,1159
80,27,81.08108108108108,26,0.022433132010353754,9.453052674510284,9.781256924507739,9.767815604782871,1159
80,28,84.0840840840841,24,0.02070750647109577,9.453052674510284,9.79003969400673,9.786224642042356,1159
80,29,87.08708708708708,24,0.02070750647109577,9.453052674510284,9.79003969400673,9.786224642042356,1159
80,30,90.09009009009009,24,0.02070750647109577,9.453052674510284,9.79003969400673,9.786224642042356,1159
80,31,93.09309309309309,23,0.01984469370146678,9.453052674510284,9.795330529292553,9.793559171700137,1159
80,32,96.09609609609609,20,0.01725625539257981,9.5302978451549,9.797849161548994,9.814745811583816,1159
80,33,99.0990990990991,18,0.015530629853321829,9.593423307237805,9.816720974225738,9.838950915812536,1159
80,34,102.10210210210211,18,0.015530629853321829,9.593423307237805,9.816720974225738,9.838950915812536,1159
80,35,105.10510510510511,16,0.013805004314063849,9.593423307237805,9.816720974225738,9.837887517020196,1159
80,36,108.10810810810811,15,0.012942191544434857,9.593423307237805,9.83307415464604,9.853602231278268,1159
80,37,111.1111111111111,13,0.011216566005176877,9.593423307237805,9.800367793805435,9.84974539858702,1159
80,38,114.11411411411412,13,0.011216566005176877,9.593423307237805,9.800367793805435,9.84974539858702,1159
80,39,117.11711711711712,13,0.011216566005176877,9.593423307237805,9.800367793805435,9.84974539858702,1159
80,40,120.12012012012012,13,0.011216566005176877,9.593423307237805,9.800367793805435,9.84974539858702,1159
80,41,123.12312312312312,12,0.010353753235547885,9.593423307237805,9.830458192193927,9.854279971028225,1159
80,42,126.12612612612611,10,0.008628127696289905,9.593423307237805,9.830458192193927,9.838697364012347,1159
80,43,129.12912912912913,8,0.006902502157031924,9.593423307237805,9.875730820446886,9.840757156966951,1159
80,44,132.1321321321321,8,0.006902502157031924,9.593423307237805,9.875730820446886,9.840757156966951,1159
80,45,135.13513513513513,8,0.006902502157031924,9.593423307237805,9.875730820446886,9.840757156966951,1159
80,46,138.13813813813815,8,0.006902502157031924,9.593423307237805,9.875730820446886,9.840757156966951,1159
80,47,141.14114114114116,7,0.0060396893874029335,9.622624927260546,9.966712782172864,9.876090564071117,1159
80,48,144.14414414414415,6,0.005176876617773943,9.622624927260546,9.875730820446886,9.855355227787877,1159
80,49,147.14714714714714,4,0.003451251078515962,9.622624927260546,9.705658683226744,9.753647592335255,1159
80,50,150.15015015015015,4,0.003451251078515962,9.622624927260546,9.705658683226744,9.753647592335255,1159
80,51,153.15315315315314,4,0.003451251078515962,9.622624927260546,9.705658683226744,9.753647592335255,1159
80,52,156.15615615615616,4,0.003451251078515962,9.622624927260546,9.705658683226744,9.753647592335255,1159
80,53,159.15915915915915,3,0.0025884383088869713,9.622624927260546,9.626568507732582,9.677980764571346,1159
80,54,162.16216216216216,3,0.0025884383088869713,9.622624927260546,9.626568507732582,9.677980764571346,1159
80,55,165.16516516516515,3,0.0025884383088869713,9.622624927260546,9.626568507732582,9.677980764571346,1159
80,56,168.1681681681682,3,0.0025884383088869713,9.622624927260546,9.626568507732582,9.677980764571346,1159
80,57,171.17117117117118,3,0.0025884383088869713,9.622624927260546,9.626568507732582,9.677980764571346,1159
80,58,174.17417417417417,3,0.0025884383088869713,9.622624927260546,9.626568507732582,9.677980764571346,1159
80,59,177.17717717717719,3,0.0025884383088869713,9.622624927260546,9.626568507732582,9.677980764571346,1159
80,60,180.18018018018017,3,0.0025884383088869713,9.622624927260546,9.626568507732582,9.677980764571346,1159
80,61,183.1831831831832,3,0.0025884383088869713,9.622624927260546,9.626568507732582,9.677980764571346,1159
80,62,186.18618618618618,3,0.0025884383088869713,9.622624927260546,9.626568507732582,9.677980764571346,1159
80,63,189.1891891891892,3,0.0025884383088869713,9.622624927260546,9.626568507732582,9.677980764571346,1159
80,64,192.19219219219218,3,0.0025884383088869713,9.622624927260546,9.626568507732582,9.677980764571346,1159
80,65,195.19519519519517,3,0.0025884383088869713,9.622624927260546,9.626568507732582,9.677980764571346,1159
80,66,198.1981981981982,3,0.0025884383088869713,9.622624927260546,9.626568507732582,9.677980764571346,1159
80,67,201.2012012012012,3,0.0025884383088869713,9.622624927260546,9.626568507732582,9.677980764571346,1159
80,68,204.20420420420422,3,0.0025884383088869713,9.622624927260546,9.626568507732582,9.677980764571346,1159
80,69,207.2072072072072,3,0.0025884383088869713,9.622624927260546,9.626568507732582,9.677980764571346,1159
80,70,210.21021021021022,3,0.0025884383088869713,9.622624927260546,9.626568507732582,9.677980764571346,1159
80,71,213.2132132132132,3,0.0025884383088869713,9.622624927260546,9.626568507732582,9.677980764571346,1159
80,72,216.21621621621622,3,0.0025884383088869713,9.622624927260546,9.626568507732582,9.677980764571346,1159
80,73,219.2192192192192,3,0.0025884383088869713,9.622624927260546,9.626568507732582,9.677980764571346,1159
80,74,222.2222222222222,1,0.0008628127696289905,9.626568507732582,9.626568507732582,9.626568507732582,1159
80,75,225.22522522522522,0,0.0,,,,1159
80,76,228.22822822822823,0,0.0,,,,1159
80,77,231.23123123123125,0,0.0,,,,1159
80,78,234.23423423423424,0,0.0,,,,1159
80,79,237.23723723723725,0,0.0,,,,1159
80,80,240.24024024024024,0,0.0,,,,1159
160,1,3.003003003003003,69,0.059534081104400345,9.31087118787907,10.0572435245268,10.259954543535661,1159
160,2,6.006006006006006,69,0.059534081104400345,9.31087118787907,10.0572435245268,10.259954543535661,1159
160,3,9.00900900900901,68,0.058671268334771355,9.3129595182178,10.085921354417568,10.273911651707081,1159
160,4,12.012012012012011,67,0.057808455565142365,9.344155553478188,10.114599184308334,10.288254220863639,1159
160,5,15.015015015015015,66,0.056945642795513375,9.344155553478188,10.132713699760853,10.30217384944417,1159
160,6,18.01801801801802,65,0.056082830025884385,9.390947471934652,10.150828215213371,10.31691259245903,1159
160,7,21.021021021021024,65,0.056082830025884385,9.390947471934652,10.150828215213371,10.31691259245903,1159
160,8,24.024024024024023,62,0.05349439171699741,9.390947471934652,10.200722747100318,10.359240724254105,1159
160,9,27.027027027027028,60,0.05176876617773943,9.453052674510284,10.261566499113613,10.391428586982288,1159
160,10,30.03003003003003,60,0.05176876617773943,9.453052674510284,10.261566499113613,10.391428586982288,1159
160,11,33.03303303303303,59,0.05090595340811044,9.453052674510284,10.30493350458814,10.405254368048462,1159
160,12,36.03603603603604,59,0.05090595340811044,9.453052674510284,10.30493350458814,10.405254368048462,1159
160,13,39.03903903903904,59,0.05090595340811044,9.453052674510284,10.30493350458814,10.405254368048462,1159
160,14,42.04204204204205,59,0.05090595340811044,9.453052674510284,10.30493350458814,10.405254368048462,1159
160,15,45.04504504504504,58,0.05004314063848145,9.453052674510284,10.342986622888397,10.418871658513355,1159
160,16,48.048048048048045,56,0.04831751509922347,9.453052674510284,10.385189081109436,10.448567001010344,1159
160,17,51.051051051051054,56,0.04831751509922347,9.453052674510284,10.385189081109436,10.448567001010344,1159
160,18,54.054054054054056,54,0.04659188955996549,9.453052674510284,10.411219358923178,10.475788536431267,1159
160,19,57.05705705705706,52,0.04486626402070751,9.453052674510284,10.458463777412156,10.5048636824152,1159
160,20,60.06006006006006,51,0.04400345125107852,9.453052674510284,10.483827258008176,10.51875564009612,1159
160,21,63.063063063063055,51,0.04400345125107852,9.453052674510284,10.483827258008176,10.51875564009612,1159
160,22,66.06606606606606,48,0.04141501294219154,9.453052674510284,10.511251748186247,10.57086567483602,1159
160,23,69.06906906906907,48,0.04141501294219154,9.453052674510284,10.511251748186247,10.57086567483602,1159
160,24,72.07207207207207,48,0.04141501294219154,9.453052674510284,10.511251748186247,10.57086567483602,1159
160,25,75.07507507507508,47,0.04055220017256255,9.453052674510284,10.538292040223505,10.590712089052248,1159
160,26,78.07807807807808,47,0.04055220017256255,9.453052674510284,10.538292040223505,10.590712089052248,1159
160,27,81.08108108108108,46,0.03968938740293356,9.453052674510284,10.547763378168195,10.609966133663061,1159
160,28,84.0840840840841,45,0.03882657463330457,9.453052674510284,10.557234716112887,10.63338999726619,1159
160,29,87.08708708708708,45,0.03882657463330457,9.453052674510284,10.557234716112887,10.63338999726619,1159
160,30,90.09009009009009,45,0.03882657463330457,9.453052674510284,10.557234716112887,10.63338999726619,1159
160,31,93.09309309309309,43,0.03710094909404659,9.453052674510284,10.636721896352558,10.669079540296671,1159
160,32,96.09609609609609,41,0.03537532355478861,9.5302978451549,10.665539318234488,10.724120934500798,1159
160,33,99.0990990990991,40,0.03451251078515962,9.77776499029457,10.690768756368046,10.753966511734445,1159
160,34,102.10210210210211,40,0.03451251078515962,9.77776499029457,10.690768756368046,10.753966511734445,1159
160,35,105.10510510510511,38,0.03278688524590164,9.800367793805435,10.727914313282337,10.79799084090938,1159
160,36,108.10810810810811,38,0.03278688524590164,9.800367793805435,10.727914313282337,10.79799084090938,1159
160,37,111.1111111111111,38,0.03278688524590164,9.800367793805435,10.727914313282337,10.79799084090938,1159
160,38,114.11411411411412,36,0.031061259706643658,9.800367793805435,10.74087545100608,10.82378318049572,1159
160,39,117.11711711711712,36,0.031061259706643658,9.800367793805435,10.74087545100608,10.82378318049572,1159
160,40,120.12012012012012,36,0.031061259706643658,9.800367793805435,10.74087545100608,10.82378318049572,1159
160,41,123.12312312312312,35,0.030198446937014668,9.800367793805435,10.741920469949092,10.834945548600851,1159
160,42,126.12612612612611,34,0.029335634167385678,9.800367793805435,10.770985913075258,10.853085138452668,1159
160,43,129.12912912912913,30,0.025884383088869714,9.966712782172864,10.806860627917107,10.940493648996986,1159
160,44,132.1321321321321,29,0.025021570319240724,9.966712782172864,10.811335682483934,10.949974832816382,1159
160,45,135.13513513513513,27,0.023295944779982744,9.966712782172864,10.839074788250649,10.985467212990162,1159
160,46,138.13813813813815,26,0.022433132010353754,9.966712782172864,10.887863683265696,11.004761057412546,1159
160,47,141.14114114114116,26,0.022433132010353754,9.966712782172864,10.887863683265696,11.004761057412546,1159
160,48,144.14414414414415,25,0.021570319240724764,9.966712782172864,10.936652578280745,11.044931396438226,1159
160,49,147.14714714714714,22,0.01898188093183779,9.980648075626982,11.005605045499314,11.149533896321264,1159
160,50,150.15015015015015,22,0.01898188093183779,9.980648075626982,11.005605045499314,11.149533896321264,1159
160,51,153.15315315315314,22,0.01898188093183779,9.980648075626982,11.005605045499314,11.149533896321264,1159
160,52,156.15615615615616,20,0.01725625539257981,9.980648075626982,11.109238652002272,11.205432731083885,1159
160,53,159.15915915915915,18,0.015530629853321829,10.538292040223505,11.172502852302692,11.309487323885437,1159
160,54,162.16216216216216,16,0.013805004314063849,10.538292040223505,11.243161159266473,11.370022584950204,1159
160,55,165.16516516516515,14,0.012079378774805867,10.538292040223505,11.436657003358349,11.455432522564564,1159
160,56,168.1681681681682,14,0.012079378774805867,10.538292040223505,11.436657003358349,11.455432522564564,1159
160,57,171.17117117117118,14,0.012079378774805867,10.538292040223505,11.436657003358349,11.455432522564564,1159
160,58,174.17417417417417,13,0.011216566005176877,10.538292040223505,11.580813695320169,11.495338672124857,1159
160,59,177.17717717717719,12,0.010353753235547885,10.538292040223505,11.664842951357898,11.531009094257298,1159
160,60,180.18018018018017,12,0.010353753235547885,10.538292040223505,11.664842951357898,11.531009094257298,1159
160,61,183.1831831831832,11,0.009490940465918895,10.538292040223505,11.748872207395625,11.584381149693138,1159
160,62,186.18618618618618,9,0.007765314926660914,11.151183697468966,11.77487303001857,11.744008733251622,1159
160,63,189.1891891891892,9,0.007765314926660914,11.151183697468966,11.77487303001857,11.744008733251622,1159
160,64,192.19219219219218,9,0.007765314926660914,11.151183697468966,11.77487303001857,11.744008733251622,1159
160,65,195.19519519519517,9,0.007765314926660914,11.151183697468966,11.77487303001857,11.744008733251622,1159
160,66,198.1981981981982,7,0.0060396893874029335,11.580813695320169,11.841782416901662,11.893199227199872,1159
160,67,201.2012012012012,7,0.0060396893874029335,11.580813695320169,11.841782416901662,11.893199227199872,1159
160,68,204.20420420420422,7,0.0060396893874029335,11.580813695320169,11.841782416901662,11.893199227199872,1159
160,69,207.2072072072072,7,0.0060396893874029335,11.580813695320169,11.841782416901662,11.893199227199872,1159
160,70,210.21021021021022,7,0.0060396893874029335,11.580813695320169,11.841782416901662,11.893199227199872,1159
160,71,213.2132132132132,7,0.0060396893874029335,11.580813695320169,11.841782416901662,11.893199227199872,1159
160,72,216.21621621621622,7,0.0060396893874029335,11.580813695320169,11.841782416901662,11.893199227199872,1159
160,73,219.2192192192192,7,0.0060396893874029335,11.580813695320169,11.841782416901662,11.893199227199872,1159
160,74,222.2222222222222,7,0.0060396893874029335,11.580813695320169,11.841782416901662,11.893199227199872,1159
160,75,225.22522522522522,7,0.0060396893874029335,11.580813695320169,11.841782416901662,11.893199227199872,1159
160,76,228.22822822822823,6,0.005176876617773943,11.580813695320169,11.830514739205256,11.901768695582907,1159
160,77,231.23123123123125,6,0.005176876617773943,11.580813695320169,11.830514739205256,11.901768695582907,1159
160,78,234.23423423423424,6,0.005176876617773943,11.580813695320169,11.830514739205256,11.901768695582907,1159
160,79,237.23723723723725,6,0.005176876617773943,11.580813695320169,11.830514739205256,11.901768695582907,1159
160,80,240.24024024024024,6,0.005176876617773943,11.580813695320169,11.830514739205256,11.901768695582907,1159
240,1,3.003003003003003,109,0.09404659188955997,9.321600561291511,11.669912659269338,11.754348068746326,1159
240,2,6.006006006006006,108,0.09318377911993098,9.390947471934652,11.670781373954398,11.776873508630164,1159
240,3,9.00900900900901,108,0.09318377911993098,9.390947471934652,11.670781373954398,11.776873508630164,1159
240,4,12.012012012012011,108,0.09318377911993098,9.390947471934652,11.670781373954398,11.776873508630164,1159
240,5,15.015015015015015,108,0.09318377911993098,9.390947471934652,11.670781373954398,11.776873508630164,1159
240,6,18.01801801801802,107,0.09232096635030199,9.390947471934652,11.67165008863946,11.798358866876255,1159
240,7,21.021021021021024,106,0.091458153580673,9.390947471934652,11.713150318036458,11.820481674582611,1159
240,8,24.024024024024023,105,0.090595340811044,9.390947471934652,11.754650547433457,11.842629864491753,1159
240,9,27.027027027027028,103,0.08886971527178603,9.453052674510284,11.762708463106778,11.888075839306554,1159
240,10,30.03003003003003,102,0.08800690250215704,9.453052674510284,11.764024555182475,11.90936567393121,1159
240,11,33.03303303303303,102,0.08800690250215704,9.453052674510284,11.764024555182475,11.90936567393121,1159
240,12,36.03603603603604,101,0.08714408973252805,9.453052674510284,11.765340647258173,11.931683023585434,1159
240,13,39.03903903903904,99,0.08541846419327007,9.453052674510284,11.773655548799017,11.97427131316615,1159
240,14,42.04204204204205,99,0.08541846419327007,9.453052674510284,11.773655548799017,11.97427131316615,1159
240,15,45.04504504504504,98,0.08455565142364108,9.453052674510284,11.777655051444881,11.995783746267033,1159
240,16,48.048048048048045,98,0.08455565142364108,9.453052674510284,11.777655051444881,11.995783746267033,1159
240,17,51.051051051051054,98,0.08455565142364108,9.453052674510284,11.777655051444881,11.995783746267033,1159
240,18,54.054054054054056,98,0.08455565142364108,9.453052674510284,11.777655051444881,11.995783746267033,1159
240,19,57.05705705705706,98,0.08455565142364108,9.453052674510284,11.777655051444881,11.995783746267033,1159
240,20,60.06006006006006,97,0.08369283865401209,9.453052674510284,11.781654554090746,12.014698927429658,1159
240,21,63.063063063063055,97,0.08369283865401209,9.453052674510284,11.781654554090746,12.014698927429658,1159
240,22,66.06606606606606,96,0.08283002588438308,9.453052674510284,11.84807814376912,12.04085380310996,1159
240,23,69.06906906906907,96,0.08283002588438308,9.453052674510284,11.84807814376912,12.04085380310996,1159
240,24,72.07207207207207,96,0.08283002588438308,9.453052674510284,11.84807814376912,12.04085380310996,1159
240,25,75.07507507507508,96,0.08283002588438308,9.453052674510284,11.84807814376912,12.04085380310996,1159
240,26,78.07807807807808,96,0.08283002588438308,9.453052674510284,11.84807814376912,12.04085380310996,1159
240,27,81.08108108108108,95,0.08196721311475409,9.453052674510284,11.914501733447494,12.060795290533061,1159
240,28,84.0840840840841,94,0.0811044003451251,9.453052674510284,11.917537325646741,12.087443194990623,1159
240,29,87.08708708708708,93,0.08024158757549611,9.453052674510284,11.92057291784599,12.106057445780982,1159
240,30,90.09009009009009,93,0.08024158757549611,9.453052674510284,11.92057291784599,12.106057445780982,1159
240,31,93.09309309309309,92,0.07937877480586712,9.453052674510284,12.028179986898602,12.133106652149106,1159
240,32,96.09609609609609,89,0.07679033649698015,9.5302978451549,12.16598588359278,12.207464730276772,1159
240,33,99.0990990990991,88,0.07592752372735116,9.77776499029457,12.168913473425775,12.237887081244066,1159
240,34,102.10210210210211,88,0.07592752372735116,9.77776499029457,12.168913473425775,12.237887081244066,1159
240,35,105.10510510510511,87,0.07506471095772217,9.800367793805435,12.171841063258771,12.266164346657277,1159
240,36,108.10810810810811,86,0.07420189818809318,9.800367793805435,12.213094978958825,12.2858187331421,1159
240,37,111.1111111111111,86,0.07420189818809318,9.800367793805435,12.213094978958825,12.2858187331421,1159
240,38,114.11411411411412,85,0.07333908541846419,9.800367793805435,12.25434889465888,12.308045692412813,1159
240,39,117.11711711711712,84,0.0724762726488352,9.800367793805435,12.319270269606676,12.332274787162827,1159
240,40,120.12012012012012,83,0.07161345987920621,9.800367793805435,12.38419164455447,12.352601114437366,1159
240,41,123.12312312312312,82,0.07075064710957722,9.800367793805435,12.385693432398227,12.369815252069577,1159
240,42,126.12612612612611,80,0.06902502157031924,9.800367793805435,12.446592252811708,12.423356909750675,1159
240,43,129.12912912912913,77,0.06643658326143227,9.966712782172864,12.54919023188176,12.516688322109507,1159
240,44,132.1321321321321,76,0.06557377049180328,9.966712782172864,12.639574125168537,12.53831206594373,1159
240,45,135.13513513513513,76,0.06557377049180328,9.966712782172864,12.639574125168537,12.53831206594373,1159
240,46,138.13813813813815,76,0.06557377049180328,9.966712782172864,12.639574125168537,12.53831206594373,1159
240,47,141.14114114114116,76,0.06557377049180328,9.966712782172864,12.639574125168537,12.53831206594373,1159
240,48,144.14414414414415,75,0.06471095772217429,9.966712782172864,12.729958018455315,12.572149525732705,1159
240,49,147.14714714714714,71,0.061259706643658325,9.980648075626982,12.794019216454512,12.687430482912223,1159
240,50,150.15015015015015,71,0.061259706643658325,9.980648075626982,12.794019216454512,12.687430482912223,1159
240,51,153.15315315315314,70,0.060396893874029335,9.980648075626982,12.79644606804398,12.71006070166176,1159
240,52,156.15615615615616,68,0.058671268334771355,9.980648075626982,12.800669259385167,12.759917086368224,1159
240,53,159.15915915915915,67,0.057808455565142365,10.959841924286582,12.80246559913688,12.80139871339421,1159
240,54,162.16216216216216,67,0.057808455565142365,10.959841924286582,12.80246559913688,12.80139871339421,1159
240,55,165.16516516516515,67,0.057808455565142365,10.959841924286582,12.80246559913688,12.80139871339421,1159
240,56,168.1681681681682,66,0.056945642795513375,10.959841924286582,12.804477089847449,12.826636513180658,1159
240,57,171.17117117117118,66,0.056945642795513375,10.959841924286582,12.804477089847449,12.826636513180658,1159
240,58,174.17417417417417,66,0.056945642795513375,10.959841924286582,12.804477089847449,12.826636513180658,1159
240,59,177.17717717717719,66,0.056945642795513375,10.959841924286582,12.804477089847449,12.826636513180658,1159
240,60,180.18018018018017,65,0.056082830025884385,10.959841924286582,12.806488580558018,12.855102228680938,1159
240,61,183.1831831831832,64,0.055220017256255395,10.959841924286582,12.857014478056364,12.88093281335397,1159
240,62,186.18618618618618,64,0.055220017256255395,10.959841924286582,12.857014478056364,12.88093281335397,1159
240,63,189.1891891891892,64,0.055220017256255395,10.959841924286582,12.857014478056364,12.88093281335397,1159
240,64,192.19219219219218,63,0.054357204486626405,10.959841924286582,12.90754037555471,12.907269634445111,1159
240,65,195.19519519519517,59,0.05090595340811044,10.959841924286582,12.954874440276544,12.991637094181232,1159
240,66,198.1981981981982,58,0.05004314063848145,10.959841924286582,12.981783678059102,13.014425446507301,1159
240,67,201.2012012012012,57,0.04918032786885246,11.431957406322557,13.00869291584166,13.050470771458539,1159
240,68,204.20420420420422,57,0.04918032786885246,11.431957406322557,13.00869291584166,13.050470771458539,1159
240,69,207.2072072072072,56,0.04831751509922347,11.431957406322557,13.067572134694931,13.078928086487975,1159
240,70,210.21021021021022,56,0.04831751509922347,11.431957406322557,13.067572134694931,13.078928086487975,1159
240,71,213.2132132132132,54,0.04659188955996549,11.431957406322557,13.13012855664261,13.107286079896495,1159
240,72,216.21621621621622,52,0.04486626402070751,11.431957406322557,13.144377185024902,13.162705061795368,1159
240,73,219.2192192192192,52,0.04486626402070751,11.431957406322557,13.144377185024902,13.162705061795368,1159
240,74,222.2222222222222,52,0.04486626402070751,11.431957406322557,13.144377185024902,13.162705061795368,1159
240,75,225.22522522522522,52,0.04486626402070751,11.431957406322557,13.144377185024902,13.162705061795368,1159
240,76,228.22822822822823,51,0.04400345125107852,11.431957406322557,13.15494861031279,13.190313973841677,1159
240,77,231.23123123123125,51,0.04400345125107852,11.431957406322557,13.15494861031279,13.190313973841677,1159
240,78,234.23423423423424,50,0.04314063848144953,11.431957406322557,13.1748479395728,13.224983952797848,1159
240,79,237.23723723723725,47,0.04055220017256255,11.431957406322557,13.274950765161682,13.29291581572992,1159
240,80,240.24024024024024,46,0.03968938740293356,11.431957406322557,13.289824782739856,13.318070788768585,1159
