request_id,reason,payload_floats,bytes_sent,client_build_ms,client_send_call_ms,client_send_start_to_recv_ms,client_send_end_to_recv_ms,result_parse_ms,handle_opt_seq_ms,optimizer_processing_ms,marker,elapsed_ms,send_mode,H,cycle_index,deadline_margin_ms,result_lateness_ms,deadline_missed,opt_recv_parse_ms,opt_event_wait_ms,opt_build_hotstart_ms,opt_snapshot_stabilize_ms,opt_build_mid_hotstart_ms,opt_baseline_opt_ms,opt_control_build_ms,opt_return_send_ms,opt_optimizer_processing_ms,opt_optimizer_total_ms,opt_elapsed_ms,opt_full_horizon_steps,opt_prefix_steps,opt_prediction_steps,opt_internal_K,opt_transmitted_K,opt_marker,opt_send_mode,opt_H,optimizer_total_ms,recv_parse_ms,event_wait_ms,build_hotstart_ms,snapshot_stabilize_ms,build_mid_hotstart_ms,baseline_opt_ms,control_build_ms,return_send_ms,optimizer_core_compute_ms,comm_sched_residual_ms,post_send_residual_ms,measured_deadline_budget_ms
132,fixed_cycle_t150,66,264,0.4660000558942556,0.2443999983370304,101.717000012286,101.47260001394898,0.0734999775886535,0.0397999538108706,99.38510006759316,30,99,nodes,16,112,-13.49410112015903,13.49410112015903,1,0.0337000237777829,0.0488000223413109,0.0263999681919813,9.112300002016129,3.3927999902516603,86.74170006997883,0.0133999856188893,0.3406000323593616,99.38510006759316,99.72570009995252,99,250,30,220,22,8,30,nodes,16,99.72570009995252,0.0337000237777829,0.0488000223413109,0.0263999681919813,9.112300002016129,3.3927999902516603,86.74170006997883,0.0133999856188893,0.3406000323593616,99.28660001605749,1.9912999123334743,1.746899913996458,88.22289889212696
307,fixed_cycle_t150,66,264,0.2942000282928347,0.0715999631211161,98.87819993309677,98.80659996997564,0.0553000718355178,0.0391999492421746,98.12760003842412,205,98,nodes,16,287,-10.319402674213052,10.319402674213052,1,0.0236000632867217,0.0410000793635845,0.0188000267371535,9.376400033943357,3.488400019705296,85.1502000587061,0.0128999818116426,0.2990999491885304,98.12760003842412,98.42669998761266,98,250,30,220,22,8,205,nodes,16,98.42669998761266,0.0236000632867217,0.0410000793635845,0.0188000267371535,9.376400033943357,3.488400019705296,85.1502000587061,0.0128999818116426,0.2990999491885304,98.04670012090355,0.4514999454841018,0.3798999823629714,88.55879725888371
355,fixed_cycle_t150,66,264,0.2663999330252409,0.0599999912083148,88.87229999527335,88.81230000406504,0.3686000127345323,0.0362000428140163,86.57959999982268,253,87,nodes,16,335,-0.0094030983746051,0.0094030983746051,1,0.026899971999228,0.0297999940812587,0.0185000244528055,8.044900023378432,3.2632999354973435,75.16679994296283,0.0131999840959906,0.4200000548735261,86.57959999982268,86.9996000546962,87,250,30,220,22,8,253,nodes,16,86.9996000546962,0.026899971999228,0.0297999940812587,0.0185000244528055,8.044900023378432,3.2632999354973435,75.16679994296283,0.0131999840959906,0.4200000548735261,86.5066999103874,1.8726999405771494,1.8126999493688345,88.86289689689875
367,fixed_cycle_t150,66,264,0.4746000049635768,0.0818000407889485,91.73780004493892,91.65600000414996,0.0545999500900507,0.0393000664189457,91.02910000365227,265,91,nodes,16,347,-3.5212032962590456,3.5212032962590456,1,0.027799978852272,0.0395999522879719,0.028999987989664,8.594400016590953,3.187200054526329,79.12009989377111,0.0128000974655151,0.3151999553665519,91.02910000365227,91.34429995901884,91,250,30,220,22,8,265,nodes,16,91.34429995901884,0.027799978852272,0.0395999522879719,0.028999987989664,8.594400016590953,3.187200054526329,79.12009989377111,0.0128000974655151,0.3151999553665519,90.94350005034357,0.39350008592008123,0.3117000451311185,88.21659674867988
375,fixed_cycle_t150,66,264,0.4751000087708235,0.0760999973863363,94.84899998642504,94.7728999890387,0.0570000847801566,0.0432999804615974,92.63440000358968,273,93,nodes,16,355,-6.930903298780322,6.930903298780322,1,0.0327000161632895,0.0348000321537256,0.0250000739470124,8.368599927052855,3.1704000430181623,80.97220002673566,0.0134999863803386,0.3767000744119286,92.63440000358968,93.01110007800162,93,250,30,220,22,8,273,nodes,16,93.01110007800162,0.0327000161632895,0.0348000321537256,0.0250000739470124,8.368599927052855,3.1704000430181623,80.97220002673566,0.0134999863803386,0.3767000744119286,92.54970005713403,1.8378999084234238,1.7617999110370874,87.91809668764472
426,fixed_cycle_t150,66,264,0.2773000160232186,0.0509999226778745,89.8578999331221,89.80690001044422,0.0371000496670603,0.0234999461099505,87.7779999282211,324,88,nodes,16,406,-1.7966037848964334,1.7966037848964334,1,0.0216999324038624,0.042599975131452,0.0265999697148799,7.959600072354078,2.5496999733150005,77.14880001731217,0.0123999780043959,0.3261000383645296,87.7779999282211,88.10409996658564,88,250,30,220,22,8,324,nodes,16,88.10409996658564,0.0216999324038624,0.042599975131452,0.0265999697148799,7.959600072354078,2.5496999733150005,77.14880001731217,0.0123999780043959,0.3261000383645296,87.69710001070052,1.7537999665364623,1.7028000438585877,88.06129614822567
438,fixed_cycle_t150,66,264,0.4820000613108277,0.0833999365568161,89.29669996723533,89.21330003067851,0.0325000146403908,0.0238000648096203,87.46100007556379,336,87,nodes,16,418,-0.8174038957804441,0.8174038957804441,1,0.0294999917969107,0.0434999819844961,0.0301999971270561,8.881799993105233,3.3918999833986163,75.05299989134073,0.0124000944197177,0.3232999006286263,87.46100007556379,87.78429997619241,87,250,30,220,22,8,336,nodes,16,87.78429997619241,0.0294999917969107,0.0434999819844961,0.0301999971270561,8.881799993105233,3.3918999833986163,75.05299989134073,0.0124000944197177,0.3232999006286263,87.36929995939136,1.512399991042912,1.429000054486096,88.47929607145488
530,fixed_cycle_t150,66,264,0.4963000537827611,0.0765000004321336,93.1430000346154,93.06650003418326,0.0594999874010682,0.0398000702261924,91.96039999369532,428,92,nodes,16,510,-4.8843048280105,4.8843048280105,1,0.0347000313922762,0.0491000246256589,0.0276000937446951,9.419199894182384,3.6322000669315457,78.76659999601543,0.0126999802887439,0.3370000049471855,91.96039999369532,92.2973999986425,92,250,30,220,22,8,428,nodes,16,92.2973999986425,0.0347000313922762,0.0491000246256589,0.0276000937446951,9.419199894182384,3.6322000669315457,78.76659999601543,0.0126999802887439,0.3370000049471855,91.8583000311628,0.8456000359728932,0.7691000355407596,88.2586952066049
533,fixed_cycle_t150,66,264,0.4804000491276383,0.3270000452175736,99.2172999540344,98.8902999088168,0.1911000581458211,0.0420999713242054,97.54750004503876,431,97,nodes,16,513,-10.791904758661984,10.791904758661984,1,0.0349000329151749,0.0420000869780778,0.0285999849438667,9.632300003431736,3.507200046442449,84.27120000123978,0.0127000967040658,0.3971999976783991,97.54750004503876,97.94470004271716,97,250,30,220,22,8,431,nodes,16,97.94470004271716,0.0349000329151749,0.0420000869780778,0.0285999849438667,9.632300003431736,3.507200046442449,84.27120000123978,0.0127000967040658,0.3971999976783991,97.4520001327619,1.2725999113172435,0.9455998660996414,88.42539519537242
570,fixed_cycle_t150,66,264,0.4900000058114528,0.2390999579802155,89.95619998313487,89.71710002515465,0.2523999428376555,0.0407000770792365,89.04110000003129,468,89,nodes,16,550,-1.2144051725044849,1.2144051725044849,1,0.0311000039801001,0.0424999743700027,0.0296999933198094,8.185800048522651,2.577099949121475,78.14460003282875,0.0133999856188893,0.3509999951347708,89.04110000003129,89.39209999516606,89,250,30,220,22,8,468,nodes,16,89.39209999516606,0.0311000039801001,0.0424999743700027,0.0296999933198094,8.185800048522651,2.577099949121475,78.14460003282875,0.0133999856188893,0.3509999951347708,88.95060000941157,0.5640999879688025,0.3250000299885869,88.74179481063038
579,fixed_cycle_t150,66,264,0.3445000620558858,0.1818999880924821,99.47290003765374,99.29100004956126,0.0361999263986945,0.027199974283576,99.02780002448708,477,99,nodes,16,559,-10.754505288787186,10.754505288787186,1,0.022500054910779,0.0341000268235802,0.0282999826595187,9.463900001719594,3.351000021211803,86.10429998952895,0.0076000578701496,0.2034000353887677,99.02780002448708,99.23120005987585,99,250,30,220,22,8,477,nodes,16,99.23120005987585,0.022500054910779,0.0341000268235802,0.0282999826595187,9.463900001719594,3.351000021211803,86.10429998952895,0.0076000578701496,0.2034000353887677,98.95510005299002,0.2416999777778983,0.05979998968541622,88.71839474886656
627,fixed_cycle_t150,66,264,0.4895000020042062,0.2216000575572252,90.39010002743451,90.1684999698773,0.0822999281808734,0.0377999385818839,88.72640004847199,525,89,nodes,16,607,-1.5907057095319033,1.5907057095319033,1,0.0316000077873468,0.0390000641345977,0.0276999780908226,9.579700068570672,3.588999970816076,75.42760006617755,0.0134999863803386,0.3474999684840441,88.72640004847199,89.07390001695603,89,250,30,220,22,8,525,nodes,16,89.07390001695603,0.0316000077873468,0.0390000641345977,0.0276999780908226,9.579700068570672,3.588999970816076,75.42760006617755,0.0134999863803386,0.3474999684840441,88.63750007003546,1.3162000104784823,1.0945999529212713,88.79939431790261
646,fixed_cycle_t150,66,264,0.3114000428467989,0.0668999273329973,101.8346999771893,101.7678000498563,0.0506999203935265,0.0420000869780778,99.51940004248172,544,99,nodes,16,626,-12.729305890388789,12.729305890388789,1,0.0240999506786465,0.0270999735221266,0.0192000297829508,9.055500035174193,3.3765999833121896,86.9882000843063,0.0132001005113124,0.3520000027492642,99.51940004248172,99.87140004523098,99,250,30,220,22,8,544,nodes,16,99.87140004523098,0.0240999506786465,0.0270999735221266,0.0192000297829508,9.055500035174193,3.3765999833121896,86.9882000843063,0.0132001005113124,0.3520000027492642,99.45270023308694,1.9632999319583178,1.8964000046253204,89.10539408680052
647,fixed_cycle_t150,66,264,0.2977000549435615,0.06949994713068,99.06359994783998,98.9941000007093,0.0390999484807252,0.0261999666690826,97.75710001122206,545,98,nodes,16,627,-10.26480586733669,10.26480586733669,1,0.0236999476328492,0.0282999826595187,0.0198000343516469,7.267999928444624,3.5284000914543867,86.86410007067025,0.0086999498307704,0.2051000483334064,97.75710001122206,97.96220005955549,98,250,30,220,22,8,545,nodes,16,97.96220005955549,0.0236999476328492,0.0282999826595187,0.0198000343516469,7.267999928444624,3.5284000914543867,86.86410007067025,0.0086999498307704,0.2051000483334064,97.68900007475168,1.1013998882844902,1.0318999411538101,88.79879408050328
680,fixed_cycle_t150,66,264,0.5741999484598637,0.0942000187933445,97.90070005692542,97.80650003813209,0.0627998961135745,0.041999970562756,96.05010005179793,578,96,nodes,16,660,-9.180706227198243,9.180706227198243,1,0.0311000039801001,0.0282999826595187,0.0210000434890389,8.767299936152995,3.2902000239118934,83.88099994044751,0.0134999863803386,0.3508999943733215,96.05010005179793,96.40100004617123,96,250,30,220,22,8,578,nodes,16,96.40100004617123,0.0311000039801001,0.0282999826595187,0.0210000434890389,8.767299936152995,3.2902000239118934,83.88099994044751,0.0134999863803386,0.3508999943733215,95.97299993038177,1.4997000107541822,1.405499991960852,88.71999382972717
682,fixed_cycle_t150,66,264,0.2936000237241387,0.0600999919697642,90.1564999949187,90.09640000294894,0.0318000093102455,0.0240999506786465,88.56720000039786,580,89,nodes,16,662,-0.954406219534576,0.954406219534576,1,0.0238999491557478,0.0254000769928097,0.0194000313058495,8.12210002914071,3.360499977134168,76.98710006661713,0.0120999757200479,0.3254000330343842,88.56720000039786,88.89260003343225,89,250,30,220,22,8,580,nodes,16,88.89260003343225,0.0238999491557478,0.0254000769928097,0.0194000313058495,8.12210002914071,3.360499977134168,76.98710006661713,0.0120999757200479,0.3254000330343842,88.50120007991791,1.2638999614864588,1.2037999695166945,89.20209377538413
685,fixed_cycle_t150,66,264,0.2574999816715717,0.0537000596523284,89.57070007454604,89.51700001489371,0.1004999503493309,0.027799978852272,88.5575000429526,583,88,nodes,16,665,-0.7286062464118004,0.7286062464118004,1,0.0306000001728534,0.0484000192955136,0.024600070901215,8.970299968495965,3.351300023496151,76.10900001600385,0.0085000647231936,0.2670999383553862,88.5575000429526,88.82459998130798,88,250,30,220,22,8,583,nodes,16,88.82459998130798,0.0306000001728534,0.0484000192955136,0.024600070901215,8.970299968495965,3.351300023496151,76.10900001600385,0.0085000647231936,0.2670999383553862,88.46370014362037,0.7461000932380557,0.6924000335857272,88.84209382813424
