stage,label,count,mean_ms,median_ms,std_ms,p90_ms,p95_ms,p99_ms,min_ms,max_ms
client_build_ms,Client packet build,596,0.30196225212030614,0.2803000388666987,0.06163073480886163,0.43860002188012004,0.4680250422097742,0.4895250021945685,0.243699993006885,0.5741999484598637
client_send_call_ms,Client UDP send call,596,0.08810419103305707,0.055850017815828254,0.0589420722165295,0.17060001846402878,0.20184999448247248,0.2800850372295825,0.036700046621263,0.3844000166282058
client_send_start_to_recv_ms,End-to-end response,596,60.1887486544172,57.26745002903044,8.965551885858222,70.39319997420534,82.08024996565655,97.94957505073394,50.400299951434135,101.8346999771893
optimizer_total_ms,Optimizer total,596,59.18421375568356,56.13400001311675,8.897318396434656,69.39485005568713,80.8085999742616,96.47818504599846,49.65120006818324,99.87140004523098
optimizer_core_compute_ms,Optimizer core compute,596,58.90411493562212,55.870700045488775,8.866273202410232,69.12720005493611,80.50022515817545,96.04694994050071,49.41380012314767,99.45270023308694
baseline_opt_ms,Baseline/coarse optimization,596,51.06550318774167,48.791700042784214,7.537343608124447,58.32245002966374,70.30699995812029,83.90050994348711,43.53999998420477,86.9882000843063
snapshot_stabilize_ms,Snapshot stabilization,596,5.69862315287476,5.031850014347583,1.5255591611019437,8.74944997485727,9.06887504970655,9.63249000487849,4.171499982476234,10.351100005209446
build_mid_hotstart_ms,Mid-hotstart construction,596,2.110491779237523,1.8544999184086919,0.5962383667722252,3.3000499824993312,3.4547499963082378,3.632475063204765,1.5506999334320426,3.985800081864
return_send_ms,Optimizer return send,596,0.2092986540312585,0.1863000215962529,0.051824670091072056,0.31664996640756726,0.33885001903399825,0.35907494020648295,0.166499987244606,0.4200000548735261
comm_sched_residual_ms,Communication/scheduling residual,596,1.0045348987336449,0.9836000390350819,0.5780779133568802,1.7989000189118158,1.9639999663922936,2.201099880039698,0.060600112192332745,2.5913999415934015
deadline_margin_ms,Deadline margin,596,28.466726786296054,31.253647815901786,9.003916261186374,35.163444408681244,36.5629693842493,37.48694225214421,-13.49410112015903,38.611295516602695
