stage,count,missing_or_invalid_count,mean_ms,median_ms,std_ms,p90_ms,p95_ms,p99_ms,min_ms,max_ms
client_build_ms,1102,0,0.2868215970993201,0.2761000005193637,0.04211398167145216,0.3061800004616088,0.39364500012197823,0.46660000042720634,0.2485000004526227,0.4800999995495658
client_send_call_ms,1102,0,1.5069420145088412,1.2274499999875843,1.224191150520401,2.770150000560534,4.169020000517782,5.757989000094312,0.0388999997085193,9.402499999850988
client_send_start_to_recv_ms,1102,0,37.32033112523385,36.682650000329886,5.345816794355773,44.26186999962738,47.212039999976696,52.73944700058564,25.044600000001083,56.49320000065927
client_send_end_to_recv_ms,1102,0,35.81338911072501,35.481999999774416,5.419325225127808,42.64922000002116,45.47780000016246,51.382004999668425,22.31749999918975,55.28070000036678
result_parse_ms,1102,0,0.022881851183243526,0.02014999972743675,0.009341309882623335,0.0294000001304084,0.034169999435107436,0.07305800000722226,0.0165000001288717,0.1191999999718973
model_recv_parse_ms,1102,0,0.022826769520819766,0.02059999951598,0.008030672377525833,0.028580000343936197,0.03629499992712217,0.0666910003837984,0.0173999997059581,0.0922999997783335
model_event_wait_ms,1102,0,0.04119655172516827,0.025750000077096,0.045669888705769636,0.06683999999950166,0.15888000029917745,0.23097699998288587,0.0199999994947575,0.4205999994155718
model_build_hotstart_ms,1102,0,0.020374591655562727,0.0180999995791353,0.009773861280657162,0.025589999495423305,0.030995000452094232,0.054796999820609864,0.0151000003825174,0.1663000002736225
model_snapshot_stabilize_ms,1102,0,5.70415426496277,5.284400000164169,1.2095422996758833,7.108429999516374,8.856180000157112,10.339315000255738,4.536999999800173,11.20309999987512
model_state_restore_ms,1102,0,0.14175362977070213,0.1253000000360771,0.041499837508819054,0.22708000033162526,0.24147499989339843,0.28396299973792344,0.1157000006060116,0.4933999998684157
model_rollout_prepare_ms,1102,0,0.04137894736764976,0.0305000003208988,0.028221829722146805,0.1111499999751686,0.11859499995807707,0.12939000032929465,0.0038999996831989,0.2055999993899604
model_rollout_with_logging_ms,1102,0,16.968048366597543,16.144749999966734,2.528767113310957,19.710490000034042,21.73879499973737,29.026502999522567,14.00999999987107,32.574799999565585
model_postprocess_ms,1102,0,0.1312709618965121,0.12240000023666645,0.04416379688767001,0.18938999955935285,0.23127500044211044,0.2870819996951468,0.0790000003689783,0.6731000003128429
model_state_csv_flush_ms,1102,0,0.0,0.0,0.0,0.0,0.0,0.0,0.0,0.0
model_optimizer_processing_ms,1102,0,23.007219600727534,21.959400000014284,3.29737921155751,26.84583999980532,29.80574000025628,36.423103000088304,18.86000000013155,41.285899999820685
model_optimizer_total_ms,1102,0,23.071242921973525,22.016849999999977,3.3002856417411643,26.925000000028373,29.929074999972737,36.471950999512046,18.90839999941818,41.35299999961717
model_elapsed_ms,1102,0,23.01666433757207,21.967149999909452,3.2977027238092917,26.85550000060175,29.81627500016658,36.42985700016652,18.866600000365,41.294200000265846
comm_sched_residual_ms,1102,0,14.249088203260328,13.95634999971662,4.251978537508994,19.902169999750186,21.615725000265233,24.419620999860857,5.07089999973687,28.391199999532546
