stage,channel,min,max
raw,NdSlip_FL,1.0,1.0
raw,NdSlip_FR,1.0,1.0
raw,NdSlip_RL,1.0,1.0
raw,NdSlip_RR,1.0,1.0
raw,SlipAngle_FL,1.0,1.0
raw,SlipAngle_FR,1.0,1.0
raw,SlipAngle_RL,1.0,1.0
raw,SlipAngle_RR,1.0,1.0
raw,brake,1.0,1.0
raw,gas,1.0,1.0
raw,heading,1.0,1.0
raw,pitch,1.0,1.0
raw,roll,1.0,1.0
raw,speedKmh,1.0,1.0
raw,steerAngle,1.0,1.0
raw,wheelSlip_FL,1.0,1.0
raw,wheelSlip_FR,1.0,1.0
raw,wheelSlip_RL,1.0,1.0
raw,wheelSlip_RR,1.0,1.0
raw,x,1.0,1.0
raw,y,1.0,1.0
raw,z,1.0,1.0
regularized,NdSlip_FL,0.9992174353134852,0.9995045088394856
regularized,NdSlip_FR,0.9992174353134852,0.9995045088394856
regularized,NdSlip_RL,0.9992174353134852,0.9995045088394856
regularized,NdSlip_RR,0.9992174353134852,0.9995045088394856
regularized,NdSlip_four_wheel_abs_max,0.9992174353134852,0.9995045088394856
regularized,NdSlip_four_wheel_abs_mean,0.9992174353134852,0.9995045088394856
regularized,NdSlip_four_wheel_mean,0.9992174353134852,0.9995045088394856
regularized,NdSlip_four_wheel_spread,0.9992174353134852,0.9995045088394856
regularized,NdSlip_front_left_minus_right,0.9992174353134852,0.9995045088394856
regularized,NdSlip_front_mean,0.9992174353134852,0.9995045088394856
regularized,NdSlip_minus_wheelSlip_FL,0.9992174353134852,0.9995045088394856
regularized,NdSlip_minus_wheelSlip_FR,0.9992174353134852,0.9995045088394856
regularized,NdSlip_minus_wheelSlip_RL,0.9992174353134852,0.9995045088394856
regularized,NdSlip_minus_wheelSlip_RR,0.9992174353134852,0.9995045088394856
regularized,NdSlip_rear_left_minus_right,0.9992174353134852,0.9995045088394856
regularized,NdSlip_rear_mean,0.9992174353134852,0.9995045088394856
regularized,NdSlip_rear_minus_front,0.9992174353134852,0.9995045088394856
regularized,SlipAngle_FL,0.9992174353134852,0.9995045088394856
regularized,SlipAngle_FR,0.9992174353134852,0.9995045088394856
regularized,SlipAngle_RL,0.9992174353134852,0.9995045088394856
regularized,SlipAngle_RR,0.9992174353134852,0.9995045088394856
regularized,SlipAngle_four_wheel_abs_max,0.9992174353134852,0.9995045088394856
regularized,SlipAngle_four_wheel_abs_mean,0.9992174353134852,0.9995045088394856
regularized,SlipAngle_four_wheel_mean,0.9992174353134852,0.9995045088394856
regularized,SlipAngle_four_wheel_spread,0.9992174353134852,0.9995045088394856
regularized,SlipAngle_front_left_minus_right,0.9992174353134852,0.9995045088394856
regularized,SlipAngle_front_mean,0.9992174353134852,0.9995045088394856
regularized,SlipAngle_rear_left_minus_right,0.9992174353134852,0.9995045088394856
regularized,SlipAngle_rear_mean,0.9992174353134852,0.9995045088394856
regularized,SlipAngle_rear_minus_front,0.9992174353134852,0.9995045088394856
regularized,brake,0.9992174353134852,0.9995045088394856
regularized,brake_rate,0.9992174353134852,0.9995045088394856
regularized,gas,0.9992174353134852,0.9995045088394856
regularized,gas_rate,0.9992174353134852,0.9995045088394856
regularized,gas_times_brake,0.9992174353134852,0.9995045088394856
regularized,heading,0.9992174353134852,0.9995045088394856
regularized,heading_rate,0.9992174353134852,0.9995045088394856
regularized,path_curvature_abs_m_inv,0.9992174353134852,0.9995045088394856
regularized,path_curvature_signed_m_inv,0.9992174353134852,0.9995045088394856
regularized,path_lateral_accel_m_s2,0.9992174353134852,0.9995045088394856
regularized,path_tangential_accel_m_s2,0.9992174353134852,0.9995045088394856
regularized,pitch,0.9992174353134852,0.9995045088394856
regularized,pitch_rate,0.9992174353134852,0.9995045088394856
regularized,position_vs_recorded_speed_m_s,0.9992174353134852,0.9995045088394856
regularized,roll,0.9992174353134852,0.9995045088394856
regularized,roll_rate,0.9992174353134852,0.9995045088394856
regularized,speedKmh,0.9992174353134852,0.9995045088394856
regularized,speed_derivative_m_s2,0.9992174353134852,0.9995045088394856
regularized,speed_m_s,0.9992174353134852,0.9995045088394856
regularized,speed_second_derivative_m_s3,0.9992174353134852,0.9995045088394856
regularized,steerAngle,0.9992174353134852,0.9995045088394856
regularized,steerAngle_rate,0.9992174353134852,0.9995045088394856
regularized,trajectory_grade_proxy,0.9992174353134852,0.9995045088394856
regularized,v_times_yaw_rate_m_s2,0.9992174353134852,0.9995045088394856
regularized,vertical_acceleration_m_s2,0.9992174353134852,0.9995045088394856
regularized,vertical_velocity_m_s,0.9992174353134852,0.9995045088394856
regularized,wheelSlip_FL,0.9992174353134852,0.9995045088394856
regularized,wheelSlip_FR,0.9992174353134852,0.9995045088394856
regularized,wheelSlip_RL,0.9992174353134852,0.9995045088394856
regularized,wheelSlip_RR,0.9992174353134852,0.9995045088394856
regularized,wheelSlip_four_wheel_abs_max,0.9992174353134852,0.9995045088394856
regularized,wheelSlip_four_wheel_abs_mean,0.9992174353134852,0.9995045088394856
regularized,wheelSlip_four_wheel_mean,0.9992174353134852,0.9995045088394856
regularized,wheelSlip_four_wheel_spread,0.9992174353134852,0.9995045088394856
regularized,wheelSlip_front_left_minus_right,0.9992174353134852,0.9995045088394856
regularized,wheelSlip_front_mean,0.9992174353134852,0.9995045088394856
regularized,wheelSlip_rear_left_minus_right,0.9992174353134852,0.9995045088394856
regularized,wheelSlip_rear_mean,0.9992174353134852,0.9995045088394856
regularized,wheelSlip_rear_minus_front,0.9992174353134852,0.9995045088394856
regularized,x,0.9992174353134852,0.9995045088394856
regularized,xz_acceleration_norm_m_s2,0.9992174353134852,0.9995045088394856
regularized,xz_speed_m_s,0.9992174353134852,0.9995045088394856
regularized,y,0.9992174353134852,0.9995045088394856
regularized,yaw_rate_rad_s,0.9992174353134852,0.9995045088394856
regularized,z,0.9992174353134852,0.9995045088394856
