configuration,setting,accel_rms,brake_active_fraction,brake_mean,gas_max,gas_mean,lap_s,path_curvature_mean,path_length_m,position_vs_speed_rms,rear_front_slip_signed,slip_abs_mean_deg,slip_abs_p95_deg,speed_distance_m,speed_mean_kmh,speed_p95_kmh,steer_abs_mean_native,yaw_rate_abs_mean
Barcelona/AE86,80,3.2825893591715576,0.139104283833774,0.0903000730195933,0.8000000715255737,0.5542331767201814,161.46594029417363,0.0070219783555658,4678.1838983189,0.3374903971076427,0.1463358017338932,1.6919021872547475,3.634587050111822,4679.961562032673,104.34315756673092,167.5637612901779,0.0292769722357473,0.1584045646175893
Barcelona/AE86,85,3.415248677916309,0.1404252682804105,0.095896550232832,0.8999999761581421,0.6126869090934255,153.9979929776075,0.007030367285508,4679.2173538802535,0.3516602571413519,0.1996992693090744,1.951800794142112,4.300315589427436,4680.98721785802,109.42714175063186,175.49564388647843,0.0317844565186991,0.1663768104435949
Barcelona/AE86,90,3.608387782440089,0.1507389067219842,0.1053452681618165,1.0,0.6714000020335201,147.255934067209,0.0070532973172432,4681.130636760235,0.3623918327486876,0.3485210800930314,2.314151443024265,5.85364478523761,4682.99771248282,114.4865142646141,183.53766781767257,0.0375328151070227,0.1742480818926819
Barcelona/AE86,95,3.71451859716454,0.1351729394650058,0.1106941982008914,1.0,0.6968081544111112,144.43853569966947,0.0070810308050121,4684.86508514875,0.3773276096234381,0.4634408697425833,2.591560855876109,6.959249499938044,4686.662726468368,116.81093936496556,185.49168423621813,0.0440461777985673,0.1780930583209511
Barcelona/AE86,100,3.6764729187842966,0.1334664556587462,0.1090657127488843,1.0,0.7124400863604669,142.29552011530328,0.0070577545315932,4692.069798031653,0.3832882963875871,0.5164062638887774,2.848109982288604,7.321393913416387,4693.82040792967,118.7511309724446,186.8621540544557,0.0499286505201979,0.1826707923870141
Barcelona/Supra,80,4.170910863967476,0.1778266460699652,0.1033573775824995,0.8000000715255737,0.576056816779482,145.786058752376,0.0069990193397799,4675.312267115788,0.3762974739767389,0.1822663810522646,1.525143198727601,3.186530165374085,4677.059348585446,115.49471541775247,188.71333480897908,0.0322525857089756,0.1743452191137165
Barcelona/Supra,85,4.520021090799522,0.1896940974975116,0.1157998322977144,0.8999999761581421,0.615489839271316,138.50428481159452,0.0070494697695348,4676.360470775746,0.3903020608341367,0.2158309304102564,1.8101867560044875,3.9957860140105934,4678.176123270974,121.59525457643085,200.0396113684324,0.0348697947987238,0.1840216253639945
Barcelona/Supra,90,4.757098424821001,0.1952717372289559,0.1257482635065587,1.0,0.6503710351950126,132.39948980700888,0.0071191665971445,4678.041093370751,0.4098787345774567,0.3526279546715591,2.182774396863304,5.168608045928281,4679.848051316194,127.2471288142976,212.58746120234883,0.0407083613868605,0.1933304127265834
Barcelona/Supra,95,4.8284093282535006,0.1809221374271221,0.1279056816498878,1.0,0.655367528468159,129.36296787632946,0.0071488478992419,4680.891334464246,0.4231083187240709,0.4849926763213436,2.5119847047935977,6.540146058619205,4682.678772475888,130.31328452998918,216.1690112348168,0.0492179078898365,0.1978629165273319
Barcelona/Supra,100,4.877836086820248,0.1704776917530424,0.1285997515779638,1.0,0.6579227780480241,126.93477609977704,0.0071787456175078,4685.692652020547,0.4329374006563629,0.686545422236809,2.755085891170439,6.729688597173379,4687.526683024628,132.94357329986966,218.6730842835056,0.0547566153395771,0.2023921607234975
Silverstone/AE86,80,3.008709479447257,0.1165500805205776,0.074629678569589,0.8000000715255737,0.6390234312432657,128.14290400605606,0.0030665084221254,4744.881567161889,0.2668563880482033,0.1784120497262301,1.2620586266983804,3.6181988212799743,4744.790630265587,133.29841769261262,175.90580692302825,0.0158111769768253,0.0914465066859051
Silverstone/AE86,85,3.170197729651611,0.1195226505960658,0.0810934869339472,0.8999999761581421,0.7035704252559543,122.4080597170464,0.0030823748942701,4745.096053122796,0.2729814839067545,0.2417525217783929,1.4478046799058124,4.166795593064676,4745.044315025829,139.55093813261644,183.17250011446492,0.0179780874432097,0.0959937347618519
Silverstone/AE86,90,3.3595543852657483,0.1228363481278124,0.091378306219958,1.0,0.764527702235601,117.02593836176564,0.0030942309302052,4746.28401238926,0.3024302754057181,0.3615741586380362,1.6904703252300783,5.095833188237467,4746.252990938485,146.0061866128741,192.5262423798286,0.0215482320540189,0.1005514384928486
Silverstone/AE86,95,3.273775720314083,0.1222815663226309,0.0968305370895109,1.0,0.774959550365329,115.22949276995166,0.0030974571877024,4748.187806207224,0.3011755857800643,0.6477735276448334,1.9253203740024416,7.0182634796556185,4748.169101497248,148.3423478538071,194.3615134617586,0.028237482262006,0.1027602992094652
Silverstone/AE86,100,3.3665949613148234,0.1194129871690525,0.0991020898813034,1.0,0.7753867960855306,117.3704426036481,0.0032511434418999,4756.783001125522,0.2944326870239382,0.854108226347291,2.030278182424689,7.259812345332196,4756.716532560005,145.90006386995057,195.5423981356661,0.0341177476912661,0.1077326634895031
Silverstone/Supra,80,3.862060277105722,0.1486124600231783,0.0886160657831428,0.8000000715255737,0.6336279241608953,116.07186944697747,0.0030904711420887,4742.733977196759,0.4829383366283772,0.1732091369731287,1.1566471702149626,3.2484233692325075,4742.690248852343,147.0960011735564,197.1164989178316,0.0179716541290579,0.1007764736638928
Silverstone/Supra,85,4.284791677367446,0.171119545262692,0.1054014325279454,0.8999999761581421,0.6830814022578069,109.6764635628621,0.0031318745631591,4743.556700237115,0.5145924756973868,0.2046717163570273,1.3629712295823528,3.85858333719262,4743.605799217772,155.70347171385166,212.013987426227,0.02007467272735,0.1069235889757787
Silverstone/Supra,90,4.599755827111751,0.1832590483053854,0.1184855305304666,1.0,0.7273573704551912,104.55323826454932,0.0031637322714442,4744.250299063448,0.537904375672713,0.2883975238663445,1.6084151786460918,4.867586384618397,4744.146536159244,163.35215209263475,224.3031661803872,0.0234715069681828,0.1125434979393983
Silverstone/Supra,95,4.527283471616601,0.168709660401547,0.1145303534194438,1.0,0.7241703084671667,103.13187298735996,0.0031664631023142,4745.729771095188,0.5405903954715593,0.5587289956160663,1.8318966082411416,6.309957334106608,4745.634210685637,165.6551315337476,225.2619254653177,0.0306068296799534,0.1141491658857153
Silverstone/Supra,100,4.558492391109249,0.1627050260095778,0.1237602296566097,1.0,0.723957304128966,102.24191440399996,0.0031796417035255,4749.429393345336,0.5413028384675315,0.8164904982148571,2.0030740923610715,6.784881830870793,4749.3809405228285,167.22863725668145,226.47904844907663,0.0362175635173613,0.1160700277222242
