configuration,setting,channel,points,min_runs,sd_median,sd_p95,sd_max
Barcelona/AE86,80,SlipAngle_four_wheel_abs_mean,1000,4,0.0135856629509063,0.08368600919886235,1.5311432409265608
Barcelona/AE86,80,brake,1000,5,0.0,0.018577625826333065,0.5422453371536039
Barcelona/AE86,80,gas,1000,5,0.0,0.0310104061677463,0.438178085180303
Barcelona/AE86,80,speedKmh,1000,5,0.03308224755989205,0.5300015245213875,10.311012386362888
Barcelona/AE86,80,steerAngle,1000,5,0.0003272621114467,0.0025100424953011496,0.0358004925002643
Barcelona/AE86,85,SlipAngle_four_wheel_abs_mean,1000,4,0.01656984020354835,0.0903458557441274,0.3773763560779985
Barcelona/AE86,85,brake,1000,5,0.0,0.014391380458988325,0.4571433992377069
Barcelona/AE86,85,gas,1000,5,0.0,0.02681746243793076,0.4929502886959261
Barcelona/AE86,85,speedKmh,1000,5,0.04044697987596495,0.5619432547389311,1.5497126271572554
Barcelona/AE86,85,steerAngle,1000,5,0.00035369786740795,0.0032115495369512835,0.0202329010833361
Barcelona/AE86,90,SlipAngle_four_wheel_abs_mean,1000,4,0.021967328861293,0.11878751097135688,0.3727275271888723
Barcelona/AE86,90,brake,1000,5,0.0,0.014585530546197531,0.3856860269147935
Barcelona/AE86,90,gas,1000,5,0.0,0.056314450171945016,0.5477225575051662
Barcelona/AE86,90,speedKmh,1000,5,0.0614952347927166,0.8798880649231369,1.664211560671764
Barcelona/AE86,90,steerAngle,1000,5,0.0004234046540529,0.004741404464208063,0.0200833120089686
Barcelona/AE86,95,SlipAngle_four_wheel_abs_mean,1000,4,0.02521342614656225,0.19378245470436387,1.9479479351800697
Barcelona/AE86,95,brake,1000,5,0.0,0.013207197181598112,0.3969326019331282
Barcelona/AE86,95,gas,1000,5,0.0,0.05030412022088957,0.5477225575051662
Barcelona/AE86,95,speedKmh,1000,5,0.1275040813046259,0.7321785937899096,5.250030072365845
Barcelona/AE86,95,steerAngle,1000,5,0.0004804514327288,0.006778783464698038,0.0902078209749965
Barcelona/AE86,100,SlipAngle_four_wheel_abs_mean,1000,4,0.02590645725662335,0.12631196329088087,1.7374422894850512
Barcelona/AE86,100,brake,1000,5,0.0,0.009371190626349422,0.1561900091813481
Barcelona/AE86,100,gas,1000,5,0.0,0.04152371285769951,0.5477225575051661
Barcelona/AE86,100,speedKmh,1000,5,0.11053276668070865,0.6527649468116935,2.020221846897117
Barcelona/AE86,100,steerAngle,1000,5,0.00050961209560155,0.005524237372542477,0.147489131088353
Barcelona/Supra,80,SlipAngle_four_wheel_abs_mean,1000,4,0.0082997264733294,0.06656410299389215,0.4568495144952169
Barcelona/Supra,80,brake,1000,5,0.0,0.03022901261117739,0.3297725183815539
Barcelona/Supra,80,gas,1000,5,0.0,0.256001828907086,0.438178085180303
Barcelona/Supra,80,speedKmh,1000,5,0.12023816179421715,1.3876555400609512,2.7276853896796003
Barcelona/Supra,80,steerAngle,1000,5,0.0004936772375741,0.0038970586048991044,0.0167981050987967
Barcelona/Supra,85,SlipAngle_four_wheel_abs_mean,1000,4,0.01127493586940035,0.08258541765434273,0.3568400654059345
Barcelona/Supra,85,brake,1000,5,0.0,0.03013260109668657,0.3495440003609079
Barcelona/Supra,85,gas,1000,5,0.0,0.09250329597569279,0.4929502886959261
Barcelona/Supra,85,speedKmh,1000,5,0.043634292252540646,1.4531738112145705,3.053908522492555
Barcelona/Supra,85,steerAngle,1000,5,0.00058541968346015,0.004191493512767137,0.012052234919422
Barcelona/Supra,90,SlipAngle_four_wheel_abs_mean,1000,3,0.0107335516898018,0.09646452949943962,0.3844838792558224
Barcelona/Supra,90,brake,1000,5,0.0,0.029446720320924928,0.4077680006876772
Barcelona/Supra,90,gas,1000,5,0.0,0.05886289608216641,0.5477225575051661
Barcelona/Supra,90,speedKmh,1000,5,0.03556681685345245,0.8172880345590366,2.7960232577290367
Barcelona/Supra,90,steerAngle,1000,5,0.00050986159228765,0.005431241425393778,0.024053318510423
Barcelona/Supra,95,SlipAngle_four_wheel_abs_mean,1000,4,0.0271874898582797,0.31663300671522954,2.2340294451555938
Barcelona/Supra,95,brake,1000,5,0.0,0.03088024767597358,0.4232058886966328
Barcelona/Supra,95,gas,1000,5,0.0,0.2621711812949713,0.5477225575051662
Barcelona/Supra,95,speedKmh,1000,5,0.1622819974675545,1.793561678699788,7.335793617500936
Barcelona/Supra,95,steerAngle,1000,5,0.0008451767319634499,0.01679023100856539,0.0863693846596454
Barcelona/Supra,100,SlipAngle_four_wheel_abs_mean,1000,4,0.030927677577246,0.27501030253229747,1.6868590668560155
Barcelona/Supra,100,brake,1000,5,0.0,0.023960609596749345,0.2557751612289818
Barcelona/Supra,100,gas,1000,5,0.0,0.3369915666078521,0.5477225575051662
Barcelona/Supra,100,speedKmh,1000,5,0.3130405337204645,1.2970863672524524,3.131945008096681
Barcelona/Supra,100,steerAngle,1000,5,0.0008395414031285001,0.011319606267865727,0.1145881556776582
Silverstone/AE86,80,SlipAngle_four_wheel_abs_mean,1000,4,0.0219869278431638,0.09247108972832778,0.5479445202413614
Silverstone/AE86,80,brake,1000,5,0.0,0.015505346670658345,0.2864732419434581
Silverstone/AE86,80,gas,1000,5,0.0,0.013470743240136092,0.438178085180303
Silverstone/AE86,80,speedKmh,1000,5,0.0202147707349743,0.21115291961391838,0.6338059478103198
Silverstone/AE86,80,steerAngle,1000,5,0.00029711531305125,0.0017156015971181782,0.0131694955165379
Silverstone/AE86,85,SlipAngle_four_wheel_abs_mean,1000,4,0.025484126485971148,0.14838004028845095,1.177838558077019
Silverstone/AE86,85,brake,1000,5,0.0,0.019311959443153857,0.3511851763001622
Silverstone/AE86,85,gas,1000,5,0.0,0.031820603426699956,0.4929502886959261
Silverstone/AE86,85,speedKmh,1000,5,0.02848840667858355,0.4326026903245398,0.8957892723552564
Silverstone/AE86,85,steerAngle,1000,5,0.00032048510072825,0.003192294114842614,0.0341654649710487
Silverstone/AE86,90,SlipAngle_four_wheel_abs_mean,1000,4,0.024841381757437102,0.146109496568734,1.0769808144892068
Silverstone/AE86,90,brake,1000,5,0.0,0.018708967958813792,0.3634322399945819
Silverstone/AE86,90,gas,1000,5,0.0,0.020286140776503227,0.5477225575051662
Silverstone/AE86,90,speedKmh,1000,5,0.0325201191947575,0.2959420966474797,0.4330364931980913
Silverstone/AE86,90,steerAngle,1000,5,0.0002974702152417,0.00305773430376951,0.0309987400684893
Silverstone/AE86,95,SlipAngle_four_wheel_abs_mean,1000,4,0.03004538821913285,0.3073984444919396,1.609115441580447
Silverstone/AE86,95,brake,1000,5,0.0,0.014722783191406337,0.1349028550921189
Silverstone/AE86,95,gas,1000,5,0.0,0.057870582684627976,0.5477225575051662
Silverstone/AE86,95,speedKmh,1000,5,0.0938817201764095,0.9249097805035604,1.8015381519460123
Silverstone/AE86,95,steerAngle,1000,5,0.00033582924649399996,0.007579847920302657,0.0778090296203228
Silverstone/AE86,100,SlipAngle_four_wheel_abs_mean,1000,4,0.0333483867089001,0.40423053647302837,3.205275927406055
Silverstone/AE86,100,brake,1000,5,0.0,0.012300196594520692,0.427652484237296
Silverstone/AE86,100,gas,1000,5,0.0,0.08196357222226341,0.5477225575051662
Silverstone/AE86,100,speedKmh,1000,5,0.1700619148738612,4.739282915011463,7.6189182818179
Silverstone/AE86,100,steerAngle,1000,5,0.00036311438389915,0.011108513413286891,0.1507229645670633
Silverstone/Supra,80,SlipAngle_four_wheel_abs_mean,1000,4,0.010331581982350999,0.11753169245140498,1.0312778226532238
Silverstone/Supra,80,brake,1000,5,0.0,0.026053328936427256,0.3660506616142656
Silverstone/Supra,80,gas,1000,5,0.0,0.05158193392610758,0.438178085180303
Silverstone/Supra,80,speedKmh,1000,5,0.0391598560927013,1.413251732901294,2.9408771090476664
Silverstone/Supra,80,steerAngle,1000,5,0.00035678420524025,0.005750730584083702,0.0322249028580212
Silverstone/Supra,85,SlipAngle_four_wheel_abs_mean,1000,4,0.014936119198425898,0.12359746638747658,1.2691932997491668
Silverstone/Supra,85,brake,1000,5,0.0,0.027190560907151506,0.2953925018914733
Silverstone/Supra,85,gas,1000,5,0.0,0.02683665448260476,0.4929502886959261
Silverstone/Supra,85,speedKmh,1000,5,0.037326660760677643,1.9986901585879555,3.90610708848873
Silverstone/Supra,85,steerAngle,1000,5,0.00041533684253589997,0.004925369661671343,0.0338729880018807
Silverstone/Supra,90,SlipAngle_four_wheel_abs_mean,1000,4,0.0195356896881419,0.21382748481514594,1.782944179669934
Silverstone/Supra,90,brake,1000,5,0.0,0.03938353001571848,0.3816641799465735
Silverstone/Supra,90,gas,1000,5,0.0,0.2537407613760181,0.5477225575051662
Silverstone/Supra,90,speedKmh,1000,5,0.5345267193156579,2.404981567587654,4.043791951589666
Silverstone/Supra,90,steerAngle,1000,5,0.00046081655204755,0.009714017639270203,0.0866680832621127
Silverstone/Supra,95,SlipAngle_four_wheel_abs_mean,1000,4,0.027186149431876097,0.5127483949587512,1.573095236016575
Silverstone/Supra,95,brake,1000,5,0.0,0.047663548789387604,0.4359537371401153
Silverstone/Supra,95,gas,1000,5,0.0,0.3936496206833825,0.5477225575051662
Silverstone/Supra,95,speedKmh,1000,5,0.6917478649927589,2.801589204263857,7.456132439577945
Silverstone/Supra,95,steerAngle,1000,5,0.00058776536059475,0.02448414096353057,0.0645241102571856
Silverstone/Supra,100,SlipAngle_four_wheel_abs_mean,1000,4,0.025345036696162497,0.34723966554526775,2.0044512486735813
Silverstone/Supra,100,brake,1000,5,0.0,0.02782309378236071,0.3140675395003453
Silverstone/Supra,100,gas,1000,5,0.0,0.32517423311147636,0.5477225575051662
Silverstone/Supra,100,speedKmh,1000,5,0.36821165460878114,2.015386555767336,3.605603413733057
Silverstone/Supra,100,steerAngle,1000,5,0.00055017907856915,0.010880898679559934,0.1068549110506762
